Workbook

Sheet COVER
B2: MODEL KONSEPTUAL EVALUASI KINERJA PERAWAT Berbasis Klasterisasi & Hybrid MCDM (AHP–WP–TOPSIS)
B3: Fatkhurrochman, S.Kom, M.Kom | 2026
B5: NAVIGASI SHEET
B6: ▶ TAHAP 1 – K-MEANS | C6: Klasterisasi pola kinerja perawat (K-Means, k=3)
B7: ▶ TAHAP 2 – AHP | C7: Pembobotan kriteria AHP + uji Consistency Ratio
B8: ▶ TAHAP 3 – WP | C8: Agregasi nilai kinerja Weighted Product
B9: ▶ TAHAP 4 – TOPSIS | C9: Validasi pemeringkatan TOPSIS
B10: ▶ TAHAP 5 – MODEL | C10: Rekapitulasi final & Model Konseptual

Sheet TAHAP 1 – K-MEANS
B1: TAHAP 1: KLASTERISASI POLA KINERJA PERAWAT (K-MEANS CLUSTERING)
B2: Algoritma K-Means | 7 Kriteria (C1–C7) | k = 3 Klaster | 10 Perawat | Silhouette Score ≥ 0.5
B4: A. DATA KINERJA PERAWAT (Skala 1–10) — Input Hardcode pada C1–C7
B5: No | C5: Nama Perawat | D5: C1 Komp. Klinis | E5: C2 Profesionalisme | F5: C3 Kolaborasi Tim | G5: C4 Orientasi Hasil | H5: C5 Keselamatan | I5: C6 Mgmt Waktu | J5: C7 Komunikasi | K5: Total Skor | L5: Rata- rata
B6: 1 | C6: Andi Setiawan | D6: 8 | E6: 7 | F6: 9 | G6: 8 | H6: 9 | I6: 7 | J6: 8 | K6: =SUM(D6:J6) -> 56 | L6: =AVERAGE(D6:J6) -> 8 | M6: =J60 -> K1
B7: 2 | C7: Budi Santoso | D7: 5 | E7: 6 | F7: 5 | G7: 6 | H7: 5 | I7: 6 | J7: 5 | K7: =SUM(D7:J7) -> 38 | L7: =AVERAGE(D7:J7) -> 5.4285714 | M7: =J61 -> K3
B8: 3 | C8: Citra Dewi | D8: 9 | E8: 9 | F8: 8 | G8: 9 | H8: 9 | I8: 8 | J8: 9 | K8: =SUM(D8:J8) -> 61 | L8: =AVERAGE(D8:J8) -> 8.7142857 | M8: =J62 -> K1
B9: 4 | C9: Dian Pratiwi | D9: 6 | E9: 5 | F9: 6 | G9: 5 | H9: 6 | I9: 5 | J9: 6 | K9: =SUM(D9:J9) -> 39 | L9: =AVERAGE(D9:J9) -> 5.5714286 | M9: =J63 -> K3
B10: 5 | C10: Eko Wahyudi | D10: 7 | E10: 8 | F10: 7 | G10: 8 | H10: 7 | I10: 8 | J10: 7 | K10: =SUM(D10:J10) -> 52 | L10: =AVERAGE(D10:J10) -> 7.4285714 | M10: =J64 -> K2
B11: 6 | C11: Fitri Handayani | D11: 4 | E11: 5 | F11: 4 | G11: 5 | H11: 4 | I11: 5 | J11: 4 | K11: =SUM(D11:J11) -> 31 | L11: =AVERAGE(D11:J11) -> 4.4285714 | M11: =J65 -> K3
B12: 7 | C12: Galih Nugroho | D12: 9 | E12: 8 | F12: 9 | G12: 9 | H12: 8 | I12: 9 | J12: 8 | K12: =SUM(D12:J12) -> 60 | L12: =AVERAGE(D12:J12) -> 8.5714286 | M12: =J66 -> K1
B13: 8 | C13: Hana Putri | D13: 6 | E13: 6 | F13: 7 | G13: 6 | H13: 7 | I13: 6 | J13: 7 | K13: =SUM(D13:J13) -> 45 | L13: =AVERAGE(D13:J13) -> 6.4285714 | M13: =J67 -> K2
B14: 9 | C14: Indra Kusuma | D14: 8 | E14: 9 | F14: 8 | G14: 8 | H14: 9 | I14: 9 | J14: 8 | K14: =SUM(D14:J14) -> 59 | L14: =AVERAGE(D14:J14) -> 8.4285714 | M14: =J68 -> K1
B15: 10 | C15: Joko Purnomo | D15: 5 | E15: 4 | F15: 5 | G15: 4 | H15: 5 | I15: 4 | J15: 5 | K15: =SUM(D15:J15) -> 32 | L15: =AVERAGE(D15:J15) -> 4.5714286 | M15: =J69 -> K3
B17: B. INISIALISASI CENTROID (Iterasi-0) — Dipilih dari Data (Metode: Random Seed)
B18: Klaster (Seed) | C18: C1 | D18: C2 | E18: C3 | F18: C4 | G18: C5 | H18: C6 | I18: C7 | J18: Sumber Seed | K18: Keterangan
B19: K1 (seed) | C19: 9 | D19: 9 | E19: 8 | F19: 9 | G19: 9 | H19: 8 | I19: 9 | J19: Citra Dewi (baris 3) | K19: Performa tinggi sebagai centroid awal K1
B20: K2 (seed) | C20: 7 | D20: 8 | E20: 7 | F20: 8 | G20: 7 | H20: 8 | I20: 7 | J20: Eko Wahyudi (baris 5) | K20: Performa sedang sebagai centroid awal K2
B21: K3 (seed) | C21: 4 | D21: 5 | E21: 4 | F21: 5 | G21: 4 | H21: 5 | I21: 4 | J21: Fitri Handayani (baris 6) | K21: Performa rendah sebagai centroid awal K3
B23: C. PROSES ITERASI K-MEANS — Seluruh Iterasi Ditampilkan hingga Konvergen
B24: ITERASI 1 — Penugasan Klaster (menggunakan Centroid Inisialisasi / Seed)
B25: No | C25: Nama Perawat | D25: d²→K1 | E25: d²→K2 | F25: d²→K3 | G25: D→K1 | H25: D→K2 | I25: D→K3 | J25: Klaster Terdekat | K25: Keterangan
B26: 1 | C26: =C6 -> Andi Setiawan | D26: =(D6-C19)^2+(E6-D19)^2+(F6-E19)^2+(G6-F19)^2+(H6-G19)^2+(I6-H19)^2+(J6-I19)^2 -> 9 | E26: =(D6-C20)^2+(E6-D20)^2+(F6-E20)^2+(G6-F20)^2+(H6-G20)^2+(I6-H20)^2+(J6-I20)^2 -> 12 | F26: =(D6-C21)^2+(E6-D21)^2+(F6-E21)^2+(G6-F21)^2+(H6-G21)^2+(I6-H21)^2+(J6-I21)^2 -> 99 | G26: =SQRT(D26) -> 3 | H26: =SQRT(E26) -> 3.4641016 | I26: =SQRT(F26) -> 9.9498744 | J26: =IF(AND(G26<=H26,G26<=I26),"K1",IF(H26<=I26,"K2","K3")) -> K1 | K26: =IF(J26="K1","Dekat K1 (Tinggi)",IF(J26="K2","Dekat K2 (Sedang)","Dekat K3 (Rendah)")) -> Dekat K1 (Tinggi)
B27: 2 | C27: =C7 -> Budi Santoso | D27: =(D7-C19)^2+(E7-D19)^2+(F7-E19)^2+(G7-F19)^2+(H7-G19)^2+(I7-H19)^2+(J7-I19)^2 -> 79 | E27: =(D7-C20)^2+(E7-D20)^2+(F7-E20)^2+(G7-F20)^2+(H7-G20)^2+(I7-H20)^2+(J7-I20)^2 -> 28 | F27: =(D7-C21)^2+(E7-D21)^2+(F7-E21)^2+(G7-F21)^2+(H7-G21)^2+(I7-H21)^2+(J7-I21)^2 -> 7 | G27: =SQRT(D27) -> 8.8881944 | H27: =SQRT(E27) -> 5.2915026 | I27: =SQRT(F27) -> 2.6457513 | J27: =IF(AND(G27<=H27,G27<=I27),"K1",IF(H27<=I27,"K2","K3")) -> K3 | K27: =IF(J27="K1","Dekat K1 (Tinggi)",IF(J27="K2","Dekat K2 (Sedang)","Dekat K3 (Rendah)")) -> Dekat K3 (Rendah)
B28: 3 | C28: =C8 -> Citra Dewi | D28: =(D8-C19)^2+(E8-D19)^2+(F8-E19)^2+(G8-F19)^2+(H8-G19)^2+(I8-H19)^2+(J8-I19)^2 -> 0 | E28: =(D8-C20)^2+(E8-D20)^2+(F8-E20)^2+(G8-F20)^2+(H8-G20)^2+(I8-H20)^2+(J8-I20)^2 -> 15 | F28: =(D8-C21)^2+(E8-D21)^2+(F8-E21)^2+(G8-F21)^2+(H8-G21)^2+(I8-H21)^2+(J8-I21)^2 -> 132 | G28: =SQRT(D28) -> 0 | H28: =SQRT(E28) -> 3.8729833 | I28: =SQRT(F28) -> 11.489125 | J28: =IF(AND(G28<=H28,G28<=I28),"K1",IF(H28<=I28,"K2","K3")) -> K1 | K28: =IF(J28="K1","Dekat K1 (Tinggi)",IF(J28="K2","Dekat K2 (Sedang)","Dekat K3 (Rendah)")) -> Dekat K1 (Tinggi)
B29: 4 | C29: =C9 -> Dian Pratiwi | D29: =(D9-C19)^2+(E9-D19)^2+(F9-E19)^2+(G9-F19)^2+(H9-G19)^2+(I9-H19)^2+(J9-I19)^2 -> 72 | E29: =(D9-C20)^2+(E9-D20)^2+(F9-E20)^2+(G9-F20)^2+(H9-G20)^2+(I9-H20)^2+(J9-I20)^2 -> 31 | F29: =(D9-C21)^2+(E9-D21)^2+(F9-E21)^2+(G9-F21)^2+(H9-G21)^2+(I9-H21)^2+(J9-I21)^2 -> 16 | G29: =SQRT(D29) -> 8.4852814 | H29: =SQRT(E29) -> 5.5677644 | I29: =SQRT(F29) -> 4 | J29: =IF(AND(G29<=H29,G29<=I29),"K1",IF(H29<=I29,"K2","K3")) -> K3 | K29: =IF(J29="K1","Dekat K1 (Tinggi)",IF(J29="K2","Dekat K2 (Sedang)","Dekat K3 (Rendah)")) -> Dekat K3 (Rendah)
B30: 5 | C30: =C10 -> Eko Wahyudi | D30: =(D10-C19)^2+(E10-D19)^2+(F10-E19)^2+(G10-F19)^2+(H10-G19)^2+(I10-H19)^2+(J10-I19)^2 -> 15 | E30: =(D10-C20)^2+(E10-D20)^2+(F10-E20)^2+(G10-F20)^2+(H10-G20)^2+(I10-H20)^2+(J10-I20)^2 -> 0 | F30: =(D10-C21)^2+(E10-D21)^2+(F10-E21)^2+(G10-F21)^2+(H10-G21)^2+(I10-H21)^2+(J10-I21)^2 -> 63 | G30: =SQRT(D30) -> 3.8729833 | H30: =SQRT(E30) -> 0 | I30: =SQRT(F30) -> 7.9372539 | J30: =IF(AND(G30<=H30,G30<=I30),"K1",IF(H30<=I30,"K2","K3")) -> K2 | K30: =IF(J30="K1","Dekat K1 (Tinggi)",IF(J30="K2","Dekat K2 (Sedang)","Dekat K3 (Rendah)")) -> Dekat K2 (Sedang)
B31: 6 | C31: =C11 -> Fitri Handayani | D31: =(D11-C19)^2+(E11-D19)^2+(F11-E19)^2+(G11-F19)^2+(H11-G19)^2+(I11-H19)^2+(J11-I19)^2 -> 132 | E31: =(D11-C20)^2+(E11-D20)^2+(F11-E20)^2+(G11-F20)^2+(H11-G20)^2+(I11-H20)^2+(J11-I20)^2 -> 63 | F31: =(D11-C21)^2+(E11-D21)^2+(F11-E21)^2+(G11-F21)^2+(H11-G21)^2+(I11-H21)^2+(J11-I21)^2 -> 0 | G31: =SQRT(D31) -> 11.489125 | H31: =SQRT(E31) -> 7.9372539 | I31: =SQRT(F31) -> 0 | J31: =IF(AND(G31<=H31,G31<=I31),"K1",IF(H31<=I31,"K2","K3")) -> K3 | K31: =IF(J31="K1","Dekat K1 (Tinggi)",IF(J31="K2","Dekat K2 (Sedang)","Dekat K3 (Rendah)")) -> Dekat K3 (Rendah)
B32: 7 | C32: =C12 -> Galih Nugroho | D32: =(D12-C19)^2+(E12-D19)^2+(F12-E19)^2+(G12-F19)^2+(H12-G19)^2+(I12-H19)^2+(J12-I19)^2 -> 5 | E32: =(D12-C20)^2+(E12-D20)^2+(F12-E20)^2+(G12-F20)^2+(H12-G20)^2+(I12-H20)^2+(J12-I20)^2 -> 12 | F32: =(D12-C21)^2+(E12-D21)^2+(F12-E21)^2+(G12-F21)^2+(H12-G21)^2+(I12-H21)^2+(J12-I21)^2 -> 123 | G32: =SQRT(D32) -> 2.236068 | H32: =SQRT(E32) -> 3.4641016 | I32: =SQRT(F32) -> 11.090537 | J32: =IF(AND(G32<=H32,G32<=I32),"K1",IF(H32<=I32,"K2","K3")) -> K1 | K32: =IF(J32="K1","Dekat K1 (Tinggi)",IF(J32="K2","Dekat K2 (Sedang)","Dekat K3 (Rendah)")) -> Dekat K1 (Tinggi)
B33: 8 | C33: =C13 -> Hana Putri | D33: =(D13-C19)^2+(E13-D19)^2+(F13-E19)^2+(G13-F19)^2+(H13-G19)^2+(I13-H19)^2+(J13-I19)^2 -> 40 | E33: =(D13-C20)^2+(E13-D20)^2+(F13-E20)^2+(G13-F20)^2+(H13-G20)^2+(I13-H20)^2+(J13-I20)^2 -> 13 | F33: =(D13-C21)^2+(E13-D21)^2+(F13-E21)^2+(G13-F21)^2+(H13-G21)^2+(I13-H21)^2+(J13-I21)^2 -> 34 | G33: =SQRT(D33) -> 6.3245553 | H33: =SQRT(E33) -> 3.6055513 | I33: =SQRT(F33) -> 5.8309519 | J33: =IF(AND(G33<=H33,G33<=I33),"K1",IF(H33<=I33,"K2","K3")) -> K2 | K33: =IF(J33="K1","Dekat K1 (Tinggi)",IF(J33="K2","Dekat K2 (Sedang)","Dekat K3 (Rendah)")) -> Dekat K2 (Sedang)
B34: 9 | C34: =C14 -> Indra Kusuma | D34: =(D14-C19)^2+(E14-D19)^2+(F14-E19)^2+(G14-F19)^2+(H14-G19)^2+(I14-H19)^2+(J14-I19)^2 -> 4 | E34: =(D14-C20)^2+(E14-D20)^2+(F14-E20)^2+(G14-F20)^2+(H14-G20)^2+(I14-H20)^2+(J14-I20)^2 -> 9 | F34: =(D14-C21)^2+(E14-D21)^2+(F14-E21)^2+(G14-F21)^2+(H14-G21)^2+(I14-H21)^2+(J14-I21)^2 -> 114 | G34: =SQRT(D34) -> 2 | H34: =SQRT(E34) -> 3 | I34: =SQRT(F34) -> 10.677078 | J34: =IF(AND(G34<=H34,G34<=I34),"K1",IF(H34<=I34,"K2","K3")) -> K1 | K34: =IF(J34="K1","Dekat K1 (Tinggi)",IF(J34="K2","Dekat K2 (Sedang)","Dekat K3 (Rendah)")) -> Dekat K1 (Tinggi)
B35: 10 | C35: =C15 -> Joko Purnomo | D35: =(D15-C19)^2+(E15-D19)^2+(F15-E19)^2+(G15-F19)^2+(H15-G19)^2+(I15-H19)^2+(J15-I19)^2 -> 123 | E35: =(D15-C20)^2+(E15-D20)^2+(F15-E20)^2+(G15-F20)^2+(H15-G20)^2+(I15-H20)^2+(J15-I20)^2 -> 64 | F35: =(D15-C21)^2+(E15-D21)^2+(F15-E21)^2+(G15-F21)^2+(H15-G21)^2+(I15-H21)^2+(J15-I21)^2 -> 7 | G35: =SQRT(D35) -> 11.090537 | H35: =SQRT(E35) -> 8 | I35: =SQRT(F35) -> 2.6457513 | J35: =IF(AND(G35<=H35,G35<=I35),"K1",IF(H35<=I35,"K2","K3")) -> K3 | K35: =IF(J35="K1","Dekat K1 (Tinggi)",IF(J35="K2","Dekat K2 (Sedang)","Dekat K3 (Rendah)")) -> Dekat K3 (Rendah)
B36: UPDATE CENTROID — Setelah Iterasi 1 (Centroid baru = rata-rata nilai anggota klaster)
B37: Klaster | C37: C1 | D37: C2 | E37: C3 | F37: C4 | G37: C5 | H37: C6 | I37: C7 | J37: Anggota (n) | K37: Formula Rata-rata
B38: K1 | C38: =IFERROR(AVERAGEIF(J26:J35,"K1",D6:D15),0) -> 8.5 | D38: =IFERROR(AVERAGEIF(J26:J35,"K1",E6:E15),0) -> 8.25 | E38: =IFERROR(AVERAGEIF(J26:J35,"K1",F6:F15),0) -> 8.5 | F38: =IFERROR(AVERAGEIF(J26:J35,"K1",G6:G15),0) -> 8.5 | G38: =IFERROR(AVERAGEIF(J26:J35,"K1",H6:H15),0) -> 8.75 | H38: =IFERROR(AVERAGEIF(J26:J35,"K1",I6:I15),0) -> 8.25 | I38: =IFERROR(AVERAGEIF(J26:J35,"K1",J6:J15),0) -> 8.25 | J38: =COUNTIF(J26:J35,"K1") -> 4 | K38: Rata-rata C1..C7 anggota K1
B39: K2 | C39: =IFERROR(AVERAGEIF(J26:J35,"K2",D6:D15),0) -> 6.5 | D39: =IFERROR(AVERAGEIF(J26:J35,"K2",E6:E15),0) -> 7 | E39: =IFERROR(AVERAGEIF(J26:J35,"K2",F6:F15),0) -> 7 | F39: =IFERROR(AVERAGEIF(J26:J35,"K2",G6:G15),0) -> 7 | G39: =IFERROR(AVERAGEIF(J26:J35,"K2",H6:H15),0) -> 7 | H39: =IFERROR(AVERAGEIF(J26:J35,"K2",I6:I15),0) -> 7 | I39: =IFERROR(AVERAGEIF(J26:J35,"K2",J6:J15),0) -> 7 | J39: =COUNTIF(J26:J35,"K2") -> 2 | K39: Rata-rata C1..C7 anggota K2
B40: K3 | C40: =IFERROR(AVERAGEIF(J26:J35,"K3",D6:D15),0) -> 5 | D40: =IFERROR(AVERAGEIF(J26:J35,"K3",E6:E15),0) -> 5 | E40: =IFERROR(AVERAGEIF(J26:J35,"K3",F6:F15),0) -> 5 | F40: =IFERROR(AVERAGEIF(J26:J35,"K3",G6:G15),0) -> 5 | G40: =IFERROR(AVERAGEIF(J26:J35,"K3",H6:H15),0) -> 5 | H40: =IFERROR(AVERAGEIF(J26:J35,"K3",I6:I15),0) -> 5 | I40: =IFERROR(AVERAGEIF(J26:J35,"K3",J6:J15),0) -> 5 | J40: =COUNTIF(J26:J35,"K3") -> 4 | K40: Rata-rata C1..C7 anggota K3
B41: ITERASI 2 — Penugasan Klaster (menggunakan Centroid Update dari Iterasi 1)
B42: No | C42: Nama Perawat | D42: d²→K1 | E42: d²→K2 | F42: d²→K3 | G42: D→K1 | H42: D→K2 | I42: D→K3 | J42: Klaster Terdekat | K42: Keterangan
B43: 1 | C43: =C6 -> Andi Setiawan | D43: =(D6-C38)^2+(E6-D38)^2+(F6-E38)^2+(G6-F38)^2+(H6-G38)^2+(I6-H38)^2+(J6-I38)^2 -> 4 | E43: =(D6-C39)^2+(E6-D39)^2+(F6-E39)^2+(G6-F39)^2+(H6-G39)^2+(I6-H39)^2+(J6-I39)^2 -> 12.25 | F43: =(D6-C40)^2+(E6-D40)^2+(F6-E40)^2+(G6-F40)^2+(H6-G40)^2+(I6-H40)^2+(J6-I40)^2 -> 67 | G43: =SQRT(D43) -> 2 | H43: =SQRT(E43) -> 3.5 | I43: =SQRT(F43) -> 8.1853528 | J43: =IF(AND(G43<=H43,G43<=I43),"K1",IF(H43<=I43,"K2","K3")) -> K1 | K43: =IF(J43="K1","Dekat K1 (Tinggi)",IF(J43="K2","Dekat K2 (Sedang)","Dekat K3 (Rendah)")) -> Dekat K1 (Tinggi)
B44: 2 | C44: =C7 -> Budi Santoso | D44: =(D7-C38)^2+(E7-D38)^2+(F7-E38)^2+(G7-F38)^2+(H7-G38)^2+(I7-H38)^2+(J7-I38)^2 -> 65.5 | E44: =(D7-C39)^2+(E7-D39)^2+(F7-E39)^2+(G7-F39)^2+(H7-G39)^2+(I7-H39)^2+(J7-I39)^2 -> 17.25 | F44: =(D7-C40)^2+(E7-D40)^2+(F7-E40)^2+(G7-F40)^2+(H7-G40)^2+(I7-H40)^2+(J7-I40)^2 -> 3 | G44: =SQRT(D44) -> 8.093207 | H44: =SQRT(E44) -> 4.1533119 | I44: =SQRT(F44) -> 1.7320508 | J44: =IF(AND(G44<=H44,G44<=I44),"K1",IF(H44<=I44,"K2","K3")) -> K3 | K44: =IF(J44="K1","Dekat K1 (Tinggi)",IF(J44="K2","Dekat K2 (Sedang)","Dekat K3 (Rendah)")) -> Dekat K3 (Rendah)
B45: 3 | C45: =C8 -> Citra Dewi | D45: =(D8-C38)^2+(E8-D38)^2+(F8-E38)^2+(G8-F38)^2+(H8-G38)^2+(I8-H38)^2+(J8-I38)^2 -> 2 | E45: =(D8-C39)^2+(E8-D39)^2+(F8-E39)^2+(G8-F39)^2+(H8-G39)^2+(I8-H39)^2+(J8-I39)^2 -> 24.25 | F45: =(D8-C40)^2+(E8-D40)^2+(F8-E40)^2+(G8-F40)^2+(H8-G40)^2+(I8-H40)^2+(J8-I40)^2 -> 98 | G45: =SQRT(D45) -> 1.4142136 | H45: =SQRT(E45) -> 4.9244289 | I45: =SQRT(F45) -> 9.8994949 | J45: =IF(AND(G45<=H45,G45<=I45),"K1",IF(H45<=I45,"K2","K3")) -> K1 | K45: =IF(J45="K1","Dekat K1 (Tinggi)",IF(J45="K2","Dekat K2 (Sedang)","Dekat K3 (Rendah)")) -> Dekat K1 (Tinggi)
B46: 4 | C46: =C9 -> Dian Pratiwi | D46: =(D9-C38)^2+(E9-D38)^2+(F9-E38)^2+(G9-F38)^2+(H9-G38)^2+(I9-H38)^2+(J9-I38)^2 -> 58.5 | E46: =(D9-C39)^2+(E9-D39)^2+(F9-E39)^2+(G9-F39)^2+(H9-G39)^2+(I9-H39)^2+(J9-I39)^2 -> 15.25 | F46: =(D9-C40)^2+(E9-D40)^2+(F9-E40)^2+(G9-F40)^2+(H9-G40)^2+(I9-H40)^2+(J9-I40)^2 -> 4 | G46: =SQRT(D46) -> 7.6485293 | H46: =SQRT(E46) -> 3.9051248 | I46: =SQRT(F46) -> 2 | J46: =IF(AND(G46<=H46,G46<=I46),"K1",IF(H46<=I46,"K2","K3")) -> K3 | K46: =IF(J46="K1","Dekat K1 (Tinggi)",IF(J46="K2","Dekat K2 (Sedang)","Dekat K3 (Rendah)")) -> Dekat K3 (Rendah)
B47: 5 | C47: =C10 -> Eko Wahyudi | D47: =(D10-C38)^2+(E10-D38)^2+(F10-E38)^2+(G10-F38)^2+(H10-G38)^2+(I10-H38)^2+(J10-I38)^2 -> 9.5 | E47: =(D10-C39)^2+(E10-D39)^2+(F10-E39)^2+(G10-F39)^2+(H10-G39)^2+(I10-H39)^2+(J10-I39)^2 -> 3.25 | F47: =(D10-C40)^2+(E10-D40)^2+(F10-E40)^2+(G10-F40)^2+(H10-G40)^2+(I10-H40)^2+(J10-I40)^2 -> 43 | G47: =SQRT(D47) -> 3.082207 | H47: =SQRT(E47) -> 1.8027756 | I47: =SQRT(F47) -> 6.5574385 | J47: =IF(AND(G47<=H47,G47<=I47),"K1",IF(H47<=I47,"K2","K3")) -> K2 | K47: =IF(J47="K1","Dekat K1 (Tinggi)",IF(J47="K2","Dekat K2 (Sedang)","Dekat K3 (Rendah)")) -> Dekat K2 (Sedang)
B48: 6 | C48: =C11 -> Fitri Handayani | D48: =(D11-C38)^2+(E11-D38)^2+(F11-E38)^2+(G11-F38)^2+(H11-G38)^2+(I11-H38)^2+(J11-I38)^2 -> 114.5 | E48: =(D11-C39)^2+(E11-D39)^2+(F11-E39)^2+(G11-F39)^2+(H11-G39)^2+(I11-H39)^2+(J11-I39)^2 -> 45.25 | F48: =(D11-C40)^2+(E11-D40)^2+(F11-E40)^2+(G11-F40)^2+(H11-G40)^2+(I11-H40)^2+(J11-I40)^2 -> 4 | G48: =SQRT(D48) -> 10.700467 | H48: =SQRT(E48) -> 6.726812 | I48: =SQRT(F48) -> 2 | J48: =IF(AND(G48<=H48,G48<=I48),"K1",IF(H48<=I48,"K2","K3")) -> K3 | K48: =IF(J48="K1","Dekat K1 (Tinggi)",IF(J48="K2","Dekat K2 (Sedang)","Dekat K3 (Rendah)")) -> Dekat K3 (Rendah)
B49: 7 | C49: =C12 -> Galih Nugroho | D49: =(D12-C38)^2+(E12-D38)^2+(F12-E38)^2+(G12-F38)^2+(H12-G38)^2+(I12-H38)^2+(J12-I38)^2 -> 2 | E49: =(D12-C39)^2+(E12-D39)^2+(F12-E39)^2+(G12-F39)^2+(H12-G39)^2+(I12-H39)^2+(J12-I39)^2 -> 21.25 | F49: =(D12-C40)^2+(E12-D40)^2+(F12-E40)^2+(G12-F40)^2+(H12-G40)^2+(I12-H40)^2+(J12-I40)^2 -> 91 | G49: =SQRT(D49) -> 1.4142136 | H49: =SQRT(E49) -> 4.6097722 | I49: =SQRT(F49) -> 9.539392 | J49: =IF(AND(G49<=H49,G49<=I49),"K1",IF(H49<=I49,"K2","K3")) -> K1 | K49: =IF(J49="K1","Dekat K1 (Tinggi)",IF(J49="K2","Dekat K2 (Sedang)","Dekat K3 (Rendah)")) -> Dekat K1 (Tinggi)
B50: 8 | C50: =C13 -> Hana Putri | D50: =(D13-C38)^2+(E13-D38)^2+(F13-E38)^2+(G13-F38)^2+(H13-G38)^2+(I13-H38)^2+(J13-I38)^2 -> 29.5 | E50: =(D13-C39)^2+(E13-D39)^2+(F13-E39)^2+(G13-F39)^2+(H13-G39)^2+(I13-H39)^2+(J13-I39)^2 -> 3.25 | F50: =(D13-C40)^2+(E13-D40)^2+(F13-E40)^2+(G13-F40)^2+(H13-G40)^2+(I13-H40)^2+(J13-I40)^2 -> 16 | G50: =SQRT(D50) -> 5.4313902 | H50: =SQRT(E50) -> 1.8027756 | I50: =SQRT(F50) -> 4 | J50: =IF(AND(G50<=H50,G50<=I50),"K1",IF(H50<=I50,"K2","K3")) -> K2 | K50: =IF(J50="K1","Dekat K1 (Tinggi)",IF(J50="K2","Dekat K2 (Sedang)","Dekat K3 (Rendah)")) -> Dekat K2 (Sedang)
B51: 9 | C51: =C14 -> Indra Kusuma | D51: =(D14-C38)^2+(E14-D38)^2+(F14-E38)^2+(G14-F38)^2+(H14-G38)^2+(I14-H38)^2+(J14-I38)^2 -> 2 | E51: =(D14-C39)^2+(E14-D39)^2+(F14-E39)^2+(G14-F39)^2+(H14-G39)^2+(I14-H39)^2+(J14-I39)^2 -> 17.25 | F51: =(D14-C40)^2+(E14-D40)^2+(F14-E40)^2+(G14-F40)^2+(H14-G40)^2+(I14-H40)^2+(J14-I40)^2 -> 84 | G51: =SQRT(D51) -> 1.4142136 | H51: =SQRT(E51) -> 4.1533119 | I51: =SQRT(F51) -> 9.1651514 | J51: =IF(AND(G51<=H51,G51<=I51),"K1",IF(H51<=I51,"K2","K3")) -> K1 | K51: =IF(J51="K1","Dekat K1 (Tinggi)",IF(J51="K2","Dekat K2 (Sedang)","Dekat K3 (Rendah)")) -> Dekat K1 (Tinggi)
B52: 10 | C52: =C15 -> Joko Purnomo | D52: =(D15-C38)^2+(E15-D38)^2+(F15-E38)^2+(G15-F38)^2+(H15-G38)^2+(I15-H38)^2+(J15-I38)^2 -> 105.5 | E52: =(D15-C39)^2+(E15-D39)^2+(F15-E39)^2+(G15-F39)^2+(H15-G39)^2+(I15-H39)^2+(J15-I39)^2 -> 41.25 | F52: =(D15-C40)^2+(E15-D40)^2+(F15-E40)^2+(G15-F40)^2+(H15-G40)^2+(I15-H40)^2+(J15-I40)^2 -> 3 | G52: =SQRT(D52) -> 10.271319 | H52: =SQRT(E52) -> 6.4226163 | I52: =SQRT(F52) -> 1.7320508 | J52: =IF(AND(G52<=H52,G52<=I52),"K1",IF(H52<=I52,"K2","K3")) -> K3 | K52: =IF(J52="K1","Dekat K1 (Tinggi)",IF(J52="K2","Dekat K2 (Sedang)","Dekat K3 (Rendah)")) -> Dekat K3 (Rendah)
B53: UPDATE CENTROID — Setelah Iterasi 2 (Centroid baru = rata-rata nilai anggota klaster)
B54: Klaster | C54: C1 | D54: C2 | E54: C3 | F54: C4 | G54: C5 | H54: C6 | I54: C7 | J54: Anggota (n) | K54: Formula Rata-rata
B55: K1 | C55: =IFERROR(AVERAGEIF(J43:J52,"K1",D6:D15),0) -> 8.5 | D55: =IFERROR(AVERAGEIF(J43:J52,"K1",E6:E15),0) -> 8.25 | E55: =IFERROR(AVERAGEIF(J43:J52,"K1",F6:F15),0) -> 8.5 | F55: =IFERROR(AVERAGEIF(J43:J52,"K1",G6:G15),0) -> 8.5 | G55: =IFERROR(AVERAGEIF(J43:J52,"K1",H6:H15),0) -> 8.75 | H55: =IFERROR(AVERAGEIF(J43:J52,"K1",I6:I15),0) -> 8.25 | I55: =IFERROR(AVERAGEIF(J43:J52,"K1",J6:J15),0) -> 8.25 | J55: =COUNTIF(J43:J52,"K1") -> 4 | K55: Rata-rata C1..C7 anggota K1
B56: K2 | C56: =IFERROR(AVERAGEIF(J43:J52,"K2",D6:D15),0) -> 6.5 | D56: =IFERROR(AVERAGEIF(J43:J52,"K2",E6:E15),0) -> 7 | E56: =IFERROR(AVERAGEIF(J43:J52,"K2",F6:F15),0) -> 7 | F56: =IFERROR(AVERAGEIF(J43:J52,"K2",G6:G15),0) -> 7 | G56: =IFERROR(AVERAGEIF(J43:J52,"K2",H6:H15),0) -> 7 | H56: =IFERROR(AVERAGEIF(J43:J52,"K2",I6:I15),0) -> 7 | I56: =IFERROR(AVERAGEIF(J43:J52,"K2",J6:J15),0) -> 7 | J56: =COUNTIF(J43:J52,"K2") -> 2 | K56: Rata-rata C1..C7 anggota K2
B57: K3 | C57: =IFERROR(AVERAGEIF(J43:J52,"K3",D6:D15),0) -> 5 | D57: =IFERROR(AVERAGEIF(J43:J52,"K3",E6:E15),0) -> 5 | E57: =IFERROR(AVERAGEIF(J43:J52,"K3",F6:F15),0) -> 5 | F57: =IFERROR(AVERAGEIF(J43:J52,"K3",G6:G15),0) -> 5 | G57: =IFERROR(AVERAGEIF(J43:J52,"K3",H6:H15),0) -> 5 | H57: =IFERROR(AVERAGEIF(J43:J52,"K3",I6:I15),0) -> 5 | I57: =IFERROR(AVERAGEIF(J43:J52,"K3",J6:J15),0) -> 5 | J57: =COUNTIF(J43:J52,"K3") -> 4 | K57: Rata-rata C1..C7 anggota K3
B58: ITERASI 3 — Penugasan Klaster (menggunakan Centroid Update dari Iterasi 2) — CEK KONVERGENSI
B59: No | C59: Nama Perawat | D59: d²→K1 | E59: d²→K2 | F59: d²→K3 | G59: D→K1 | H59: D→K2 | I59: D→K3 | J59: Klaster Terdekat | K59: Keterangan
B60: 1 | C60: =C6 -> Andi Setiawan | D60: =(D6-C55)^2+(E6-D55)^2+(F6-E55)^2+(G6-F55)^2+(H6-G55)^2+(I6-H55)^2+(J6-I55)^2 -> 4 | E60: =(D6-C56)^2+(E6-D56)^2+(F6-E56)^2+(G6-F56)^2+(H6-G56)^2+(I6-H56)^2+(J6-I56)^2 -> 12.25 | F60: =(D6-C57)^2+(E6-D57)^2+(F6-E57)^2+(G6-F57)^2+(H6-G57)^2+(I6-H57)^2+(J6-I57)^2 -> 67 | G60: =SQRT(D60) -> 2 | H60: =SQRT(E60) -> 3.5 | I60: =SQRT(F60) -> 8.1853528 | J60: =IF(AND(G60<=H60,G60<=I60),"K1",IF(H60<=I60,"K2","K3")) -> K1 | K60: =IF(J60=J43,"SAMA ✔","BERUBAH ✖") -> SAMA ✔
B61: 2 | C61: =C7 -> Budi Santoso | D61: =(D7-C55)^2+(E7-D55)^2+(F7-E55)^2+(G7-F55)^2+(H7-G55)^2+(I7-H55)^2+(J7-I55)^2 -> 65.5 | E61: =(D7-C56)^2+(E7-D56)^2+(F7-E56)^2+(G7-F56)^2+(H7-G56)^2+(I7-H56)^2+(J7-I56)^2 -> 17.25 | F61: =(D7-C57)^2+(E7-D57)^2+(F7-E57)^2+(G7-F57)^2+(H7-G57)^2+(I7-H57)^2+(J7-I57)^2 -> 3 | G61: =SQRT(D61) -> 8.093207 | H61: =SQRT(E61) -> 4.1533119 | I61: =SQRT(F61) -> 1.7320508 | J61: =IF(AND(G61<=H61,G61<=I61),"K1",IF(H61<=I61,"K2","K3")) -> K3 | K61: =IF(J61=J44,"SAMA ✔","BERUBAH ✖") -> SAMA ✔
B62: 3 | C62: =C8 -> Citra Dewi | D62: =(D8-C55)^2+(E8-D55)^2+(F8-E55)^2+(G8-F55)^2+(H8-G55)^2+(I8-H55)^2+(J8-I55)^2 -> 2 | E62: =(D8-C56)^2+(E8-D56)^2+(F8-E56)^2+(G8-F56)^2+(H8-G56)^2+(I8-H56)^2+(J8-I56)^2 -> 24.25 | F62: =(D8-C57)^2+(E8-D57)^2+(F8-E57)^2+(G8-F57)^2+(H8-G57)^2+(I8-H57)^2+(J8-I57)^2 -> 98 | G62: =SQRT(D62) -> 1.4142136 | H62: =SQRT(E62) -> 4.9244289 | I62: =SQRT(F62) -> 9.8994949 | J62: =IF(AND(G62<=H62,G62<=I62),"K1",IF(H62<=I62,"K2","K3")) -> K1 | K62: =IF(J62=J45,"SAMA ✔","BERUBAH ✖") -> SAMA ✔
B63: 4 | C63: =C9 -> Dian Pratiwi | D63: =(D9-C55)^2+(E9-D55)^2+(F9-E55)^2+(G9-F55)^2+(H9-G55)^2+(I9-H55)^2+(J9-I55)^2 -> 58.5 | E63: =(D9-C56)^2+(E9-D56)^2+(F9-E56)^2+(G9-F56)^2+(H9-G56)^2+(I9-H56)^2+(J9-I56)^2 -> 15.25 | F63: =(D9-C57)^2+(E9-D57)^2+(F9-E57)^2+(G9-F57)^2+(H9-G57)^2+(I9-H57)^2+(J9-I57)^2 -> 4 | G63: =SQRT(D63) -> 7.6485293 | H63: =SQRT(E63) -> 3.9051248 | I63: =SQRT(F63) -> 2 | J63: =IF(AND(G63<=H63,G63<=I63),"K1",IF(H63<=I63,"K2","K3")) -> K3 | K63: =IF(J63=J46,"SAMA ✔","BERUBAH ✖") -> SAMA ✔
B64: 5 | C64: =C10 -> Eko Wahyudi | D64: =(D10-C55)^2+(E10-D55)^2+(F10-E55)^2+(G10-F55)^2+(H10-G55)^2+(I10-H55)^2+(J10-I55)^2 -> 9.5 | E64: =(D10-C56)^2+(E10-D56)^2+(F10-E56)^2+(G10-F56)^2+(H10-G56)^2+(I10-H56)^2+(J10-I56)^2 -> 3.25 | F64: =(D10-C57)^2+(E10-D57)^2+(F10-E57)^2+(G10-F57)^2+(H10-G57)^2+(I10-H57)^2+(J10-I57)^2 -> 43 | G64: =SQRT(D64) -> 3.082207 | H64: =SQRT(E64) -> 1.8027756 | I64: =SQRT(F64) -> 6.5574385 | J64: =IF(AND(G64<=H64,G64<=I64),"K1",IF(H64<=I64,"K2","K3")) -> K2 | K64: =IF(J64=J47,"SAMA ✔","BERUBAH ✖") -> SAMA ✔
B65: 6 | C65: =C11 -> Fitri Handayani | D65: =(D11-C55)^2+(E11-D55)^2+(F11-E55)^2+(G11-F55)^2+(H11-G55)^2+(I11-H55)^2+(J11-I55)^2 -> 114.5 | E65: =(D11-C56)^2+(E11-D56)^2+(F11-E56)^2+(G11-F56)^2+(H11-G56)^2+(I11-H56)^2+(J11-I56)^2 -> 45.25 | F65: =(D11-C57)^2+(E11-D57)^2+(F11-E57)^2+(G11-F57)^2+(H11-G57)^2+(I11-H57)^2+(J11-I57)^2 -> 4 | G65: =SQRT(D65) -> 10.700467 | H65: =SQRT(E65) -> 6.726812 | I65: =SQRT(F65) -> 2 | J65: =IF(AND(G65<=H65,G65<=I65),"K1",IF(H65<=I65,"K2","K3")) -> K3 | K65: =IF(J65=J48,"SAMA ✔","BERUBAH ✖") -> SAMA ✔
B66: 7 | C66: =C12 -> Galih Nugroho | D66: =(D12-C55)^2+(E12-D55)^2+(F12-E55)^2+(G12-F55)^2+(H12-G55)^2+(I12-H55)^2+(J12-I55)^2 -> 2 | E66: =(D12-C56)^2+(E12-D56)^2+(F12-E56)^2+(G12-F56)^2+(H12-G56)^2+(I12-H56)^2+(J12-I56)^2 -> 21.25 | F66: =(D12-C57)^2+(E12-D57)^2+(F12-E57)^2+(G12-F57)^2+(H12-G57)^2+(I12-H57)^2+(J12-I57)^2 -> 91 | G66: =SQRT(D66) -> 1.4142136 | H66: =SQRT(E66) -> 4.6097722 | I66: =SQRT(F66) -> 9.539392 | J66: =IF(AND(G66<=H66,G66<=I66),"K1",IF(H66<=I66,"K2","K3")) -> K1 | K66: =IF(J66=J49,"SAMA ✔","BERUBAH ✖") -> SAMA ✔
B67: 8 | C67: =C13 -> Hana Putri | D67: =(D13-C55)^2+(E13-D55)^2+(F13-E55)^2+(G13-F55)^2+(H13-G55)^2+(I13-H55)^2+(J13-I55)^2 -> 29.5 | E67: =(D13-C56)^2+(E13-D56)^2+(F13-E56)^2+(G13-F56)^2+(H13-G56)^2+(I13-H56)^2+(J13-I56)^2 -> 3.25 | F67: =(D13-C57)^2+(E13-D57)^2+(F13-E57)^2+(G13-F57)^2+(H13-G57)^2+(I13-H57)^2+(J13-I57)^2 -> 16 | G67: =SQRT(D67) -> 5.4313902 | H67: =SQRT(E67) -> 1.8027756 | I67: =SQRT(F67) -> 4 | J67: =IF(AND(G67<=H67,G67<=I67),"K1",IF(H67<=I67,"K2","K3")) -> K2 | K67: =IF(J67=J50,"SAMA ✔","BERUBAH ✖") -> SAMA ✔
B68: 9 | C68: =C14 -> Indra Kusuma | D68: =(D14-C55)^2+(E14-D55)^2+(F14-E55)^2+(G14-F55)^2+(H14-G55)^2+(I14-H55)^2+(J14-I55)^2 -> 2 | E68: =(D14-C56)^2+(E14-D56)^2+(F14-E56)^2+(G14-F56)^2+(H14-G56)^2+(I14-H56)^2+(J14-I56)^2 -> 17.25 | F68: =(D14-C57)^2+(E14-D57)^2+(F14-E57)^2+(G14-F57)^2+(H14-G57)^2+(I14-H57)^2+(J14-I57)^2 -> 84 | G68: =SQRT(D68) -> 1.4142136 | H68: =SQRT(E68) -> 4.1533119 | I68: =SQRT(F68) -> 9.1651514 | J68: =IF(AND(G68<=H68,G68<=I68),"K1",IF(H68<=I68,"K2","K3")) -> K1 | K68: =IF(J68=J51,"SAMA ✔","BERUBAH ✖") -> SAMA ✔
B69: 10 | C69: =C15 -> Joko Purnomo | D69: =(D15-C55)^2+(E15-D55)^2+(F15-E55)^2+(G15-F55)^2+(H15-G55)^2+(I15-H55)^2+(J15-I55)^2 -> 105.5 | E69: =(D15-C56)^2+(E15-D56)^2+(F15-E56)^2+(G15-F56)^2+(H15-G56)^2+(I15-H56)^2+(J15-I56)^2 -> 41.25 | F69: =(D15-C57)^2+(E15-D57)^2+(F15-E57)^2+(G15-F57)^2+(H15-G57)^2+(I15-H57)^2+(J15-I57)^2 -> 3 | G69: =SQRT(D69) -> 10.271319 | H69: =SQRT(E69) -> 6.4226163 | I69: =SQRT(F69) -> 1.7320508 | J69: =IF(AND(G69<=H69,G69<=I69),"K1",IF(H69<=I69,"K2","K3")) -> K3 | K69: =IF(J69=J52,"SAMA ✔","BERUBAH ✖") -> SAMA ✔
B70: ✔ KONVERGEN — Tidak ada perubahan klaster dari Iterasi 2 ke Iterasi 3 → K-Means Selesai
B71: D. CENTROID FINAL & RINGKASAN KLASTER (Hasil Konvergensi Iterasi 2)
B72: Klaster | C72: C1 | D72: C2 | E72: C3 | F72: C4 | G72: C5 | H72: C6 | I72: C7 | J72: Jumlah Anggota | K72: Label Kinerja
B73: K1 | C73: =C55 -> 8.5 | D73: =D55 -> 8.25 | E73: =E55 -> 8.5 | F73: =F55 -> 8.5 | G73: =G55 -> 8.75 | H73: =H55 -> 8.25 | I73: =I55 -> 8.25 | J73: =COUNTIF(J60:J69,"K1") -> 4 | K73: Kinerja TINGGI
B74: K2 | C74: =C56 -> 6.5 | D74: =D56 -> 7 | E74: =E56 -> 7 | F74: =F56 -> 7 | G74: =G56 -> 7 | H74: =H56 -> 7 | I74: =I56 -> 7 | J74: =COUNTIF(J60:J69,"K2") -> 2 | K74: Kinerja SEDANG
B75: K3 | C75: =C57 -> 5 | D75: =D57 -> 5 | E75: =E57 -> 5 | F75: =F57 -> 5 | G75: =G57 -> 5 | H75: =H57 -> 5 | I75: =I57 -> 5 | J75: =COUNTIF(J60:J69,"K3") -> 4 | K75: Kinerja RENDAH
B78: E. HASIL AKHIR KLASTERISASI — Tabel Ringkasan Penugasan Klaster Final (Referensi ke Tahap Berikutnya)
B79: No | C79: Nama Perawat | D79: C1 | E79: C2 | F79: C3 | G79: C4 | H79: C5 | I79: C6 | J79: C7 | K79: Total | L79: Rata-rata | M79: Klaster Final | N79: Label
B80: 1 | C80: =C6 -> Andi Setiawan | D80: =D6 -> 8 | E80: =E6 -> 7 | F80: =F6 -> 9 | G80: =G6 -> 8 | H80: =H6 -> 9 | I80: =I6 -> 7 | J80: =J6 -> 8 | ... L80: =L6 -> 8 | M80: =J60 -> K1 | N80: =IF(M80="K1","TINGGI",IF(M80="K2","SEDANG","RENDAH")) -> TINGGI
B81: 2 | C81: =C7 -> Budi Santoso | D81: =D7 -> 5 | E81: =E7 -> 6 | F81: =F7 -> 5 | G81: =G7 -> 6 | H81: =H7 -> 5 | I81: =I7 -> 6 | J81: =J7 -> 5 | ... L81: =L7 -> 5.4285714 | M81: =J61 -> K3 | N81: =IF(M81="K1","TINGGI",IF(M81="K2","SEDANG","RENDAH")) -> RENDAH
B82: 3 | C82: =C8 -> Citra Dewi | D82: =D8 -> 9 | E82: =E8 -> 9 | F82: =F8 -> 8 | G82: =G8 -> 9 | H82: =H8 -> 9 | I82: =I8 -> 8 | J82: =J8 -> 9 | ... L82: =L8 -> 8.7142857 | M82: =J62 -> K1 | N82: =IF(M82="K1","TINGGI",IF(M82="K2","SEDANG","RENDAH")) -> TINGGI
B83: 4 | C83: =C9 -> Dian Pratiwi | D83: =D9 -> 6 | E83: =E9 -> 5 | F83: =F9 -> 6 | G83: =G9 -> 5 | H83: =H9 -> 6 | I83: =I9 -> 5 | J83: =J9 -> 6 | ... L83: =L9 -> 5.5714286 | M83: =J63 -> K3 | N83: =IF(M83="K1","TINGGI",IF(M83="K2","SEDANG","RENDAH")) -> RENDAH
B84: 5 | C84: =C10 -> Eko Wahyudi | D84: =D10 -> 7 | E84: =E10 -> 8 | F84: =F10 -> 7 | G84: =G10 -> 8 | H84: =H10 -> 7 | I84: =I10 -> 8 | J84: =J10 -> 7 | ... L84: =L10 -> 7.4285714 | M84: =J64 -> K2 | N84: =IF(M84="K1","TINGGI",IF(M84="K2","SEDANG","RENDAH")) -> SEDANG
B85: 6 | C85: =C11 -> Fitri Handayani | D85: =D11 -> 4 | E85: =E11 -> 5 | F85: =F11 -> 4 | G85: =G11 -> 5 | H85: =H11 -> 4 | I85: =I11 -> 5 | J85: =J11 -> 4 | ... L85: =L11 -> 4.4285714 | M85: =J65 -> K3 | N85: =IF(M85="K1","TINGGI",IF(M85="K2","SEDANG","RENDAH")) -> RENDAH
B86: 7 | C86: =C12 -> Galih Nugroho | D86: =D12 -> 9 | E86: =E12 -> 8 | F86: =F12 -> 9 | G86: =G12 -> 9 | H86: =H12 -> 8 | I86: =I12 -> 9 | J86: =J12 -> 8 | ... L86: =L12 -> 8.5714286 | M86: =J66 -> K1 | N86: =IF(M86="K1","TINGGI",IF(M86="K2","SEDANG","RENDAH")) -> TINGGI
B87: 8 | C87: =C13 -> Hana Putri | D87: =D13 -> 6 | E87: =E13 -> 6 | F87: =F13 -> 7 | G87: =G13 -> 6 | H87: =H13 -> 7 | I87: =I13 -> 6 | J87: =J13 -> 7 | ... L87: =L13 -> 6.4285714 | M87: =J67 -> K2 | N87: =IF(M87="K1","TINGGI",IF(M87="K2","SEDANG","RENDAH")) -> SEDANG
B88: 9 | C88: =C14 -> Indra Kusuma | D88: =D14 -> 8 | E88: =E14 -> 9 | F88: =F14 -> 8 | G88: =G14 -> 8 | H88: =H14 -> 9 | I88: =I14 -> 9 | J88: =J14 -> 8 | ... L88: =L14 -> 8.4285714 | M88: =J68 -> K1 | N88: =IF(M88="K1","TINGGI",IF(M88="K2","SEDANG","RENDAH")) -> TINGGI
B89: 10 | C89: =C15 -> Joko Purnomo | D89: =D15 -> 5 | E89: =E15 -> 4 | F89: =F15 -> 5 | G89: =G15 -> 4 | H89: =H15 -> 5 | I89: =I15 -> 4 | J89: =J15 -> 5 | ... L89: =L15 -> 4.5714286 | M89: =J69 -> K3 | N89: =IF(M89="K1","TINGGI",IF(M89="K2","SEDANG","RENDAH")) -> RENDAH

Sheet SILHOUETTE
B1: TAHAP 1D: PERHITUNGAN SILHOUETTE SCORE — VALIDASI KLASTERISASI K-MEANS
B2: s(i) = (b(i) − a(i)) / max(a(i), b(i)) | S = (1/n)×Σs(i) | a(i) = avg jarak ke sesama klaster | b(i) = avg jarak ke klaster terdekat lainnya
B4: A. DATA KINERJA & KLASTER FINAL (referensi dari 'TAHAP 1 – K-MEANS')
B5: No | C5: Nama Perawat | D5: C1 | E5: C2 | F5: C3 | G5: C4 | H5: C5 | I5: C6 | J5: C7 | K5: Klaster
B6: ='TAHAP 1 – K-MEANS'!B6 -> 1 | C6: ='TAHAP 1 – K-MEANS'!C6 -> Andi Setiawan | D6: ='TAHAP 1 – K-MEANS'!D6 -> 8 | E6: ='TAHAP 1 – K-MEANS'!E6 -> 7 | F6: ='TAHAP 1 – K-MEANS'!F6 -> 9 | G6: ='TAHAP 1 – K-MEANS'!G6 -> 8 | H6: ='TAHAP 1 – K-MEANS'!H6 -> 9 | I6: ='TAHAP 1 – K-MEANS'!I6 -> 7 | J6: ='TAHAP 1 – K-MEANS'!J6 -> 8 | K6: ='TAHAP 1 – K-MEANS'!M80 -> K1
B7: ='TAHAP 1 – K-MEANS'!B7 -> 2 | C7: ='TAHAP 1 – K-MEANS'!C7 -> Budi Santoso | D7: ='TAHAP 1 – K-MEANS'!D7 -> 5 | E7: ='TAHAP 1 – K-MEANS'!E7 -> 6 | F7: ='TAHAP 1 – K-MEANS'!F7 -> 5 | G7: ='TAHAP 1 – K-MEANS'!G7 -> 6 | H7: ='TAHAP 1 – K-MEANS'!H7 -> 5 | I7: ='TAHAP 1 – K-MEANS'!I7 -> 6 | J7: ='TAHAP 1 – K-MEANS'!J7 -> 5 | K7: ='TAHAP 1 – K-MEANS'!M81 -> K3
B8: ='TAHAP 1 – K-MEANS'!B8 -> 3 | C8: ='TAHAP 1 – K-MEANS'!C8 -> Citra Dewi | D8: ='TAHAP 1 – K-MEANS'!D8 -> 9 | E8: ='TAHAP 1 – K-MEANS'!E8 -> 9 | F8: ='TAHAP 1 – K-MEANS'!F8 -> 8 | G8: ='TAHAP 1 – K-MEANS'!G8 -> 9 | H8: ='TAHAP 1 – K-MEANS'!H8 -> 9 | I8: ='TAHAP 1 – K-MEANS'!I8 -> 8 | J8: ='TAHAP 1 – K-MEANS'!J8 -> 9 | K8: ='TAHAP 1 – K-MEANS'!M82 -> K1
B9: ='TAHAP 1 – K-MEANS'!B9 -> 4 | C9: ='TAHAP 1 – K-MEANS'!C9 -> Dian Pratiwi | D9: ='TAHAP 1 – K-MEANS'!D9 -> 6 | E9: ='TAHAP 1 – K-MEANS'!E9 -> 5 | F9: ='TAHAP 1 – K-MEANS'!F9 -> 6 | G9: ='TAHAP 1 – K-MEANS'!G9 -> 5 | H9: ='TAHAP 1 – K-MEANS'!H9 -> 6 | I9: ='TAHAP 1 – K-MEANS'!I9 -> 5 | J9: ='TAHAP 1 – K-MEANS'!J9 -> 6 | K9: ='TAHAP 1 – K-MEANS'!M83 -> K3
B10: ='TAHAP 1 – K-MEANS'!B10 -> 5 | C10: ='TAHAP 1 – K-MEANS'!C10 -> Eko Wahyudi | D10: ='TAHAP 1 – K-MEANS'!D10 -> 7 | E10: ='TAHAP 1 – K-MEANS'!E10 -> 8 | F10: ='TAHAP 1 – K-MEANS'!F10 -> 7 | G10: ='TAHAP 1 – K-MEANS'!G10 -> 8 | H10: ='TAHAP 1 – K-MEANS'!H10 -> 7 | I10: ='TAHAP 1 – K-MEANS'!I10 -> 8 | J10: ='TAHAP 1 – K-MEANS'!J10 -> 7 | K10: ='TAHAP 1 – K-MEANS'!M84 -> K2
B11: ='TAHAP 1 – K-MEANS'!B11 -> 6 | C11: ='TAHAP 1 – K-MEANS'!C11 -> Fitri Handayani | D11: ='TAHAP 1 – K-MEANS'!D11 -> 4 | E11: ='TAHAP 1 – K-MEANS'!E11 -> 5 | F11: ='TAHAP 1 – K-MEANS'!F11 -> 4 | G11: ='TAHAP 1 – K-MEANS'!G11 -> 5 | H11: ='TAHAP 1 – K-MEANS'!H11 -> 4 | I11: ='TAHAP 1 – K-MEANS'!I11 -> 5 | J11: ='TAHAP 1 – K-MEANS'!J11 -> 4 | K11: ='TAHAP 1 – K-MEANS'!M85 -> K3
B12: ='TAHAP 1 – K-MEANS'!B12 -> 7 | C12: ='TAHAP 1 – K-MEANS'!C12 -> Galih Nugroho | D12: ='TAHAP 1 – K-MEANS'!D12 -> 9 | E12: ='TAHAP 1 – K-MEANS'!E12 -> 8 | F12: ='TAHAP 1 – K-MEANS'!F12 -> 9 | G12: ='TAHAP 1 – K-MEANS'!G12 -> 9 | H12: ='TAHAP 1 – K-MEANS'!H12 -> 8 | I12: ='TAHAP 1 – K-MEANS'!I12 -> 9 | J12: ='TAHAP 1 – K-MEANS'!J12 -> 8 | K12: ='TAHAP 1 – K-MEANS'!M86 -> K1
B13: ='TAHAP 1 – K-MEANS'!B13 -> 8 | C13: ='TAHAP 1 – K-MEANS'!C13 -> Hana Putri | D13: ='TAHAP 1 – K-MEANS'!D13 -> 6 | E13: ='TAHAP 1 – K-MEANS'!E13 -> 6 | F13: ='TAHAP 1 – K-MEANS'!F13 -> 7 | G13: ='TAHAP 1 – K-MEANS'!G13 -> 6 | H13: ='TAHAP 1 – K-MEANS'!H13 -> 7 | I13: ='TAHAP 1 – K-MEANS'!I13 -> 6 | J13: ='TAHAP 1 – K-MEANS'!J13 -> 7 | K13: ='TAHAP 1 – K-MEANS'!M87 -> K2
B14: ='TAHAP 1 – K-MEANS'!B14 -> 9 | C14: ='TAHAP 1 – K-MEANS'!C14 -> Indra Kusuma | D14: ='TAHAP 1 – K-MEANS'!D14 -> 8 | E14: ='TAHAP 1 – K-MEANS'!E14 -> 9 | F14: ='TAHAP 1 – K-MEANS'!F14 -> 8 | G14: ='TAHAP 1 – K-MEANS'!G14 -> 8 | H14: ='TAHAP 1 – K-MEANS'!H14 -> 9 | I14: ='TAHAP 1 – K-MEANS'!I14 -> 9 | J14: ='TAHAP 1 – K-MEANS'!J14 -> 8 | K14: ='TAHAP 1 – K-MEANS'!M88 -> K1
B15: ='TAHAP 1 – K-MEANS'!B15 -> 10 | C15: ='TAHAP 1 – K-MEANS'!C15 -> Joko Purnomo | D15: ='TAHAP 1 – K-MEANS'!D15 -> 5 | E15: ='TAHAP 1 – K-MEANS'!E15 -> 4 | F15: ='TAHAP 1 – K-MEANS'!F15 -> 5 | G15: ='TAHAP 1 – K-MEANS'!G15 -> 4 | H15: ='TAHAP 1 – K-MEANS'!H15 -> 5 | I15: ='TAHAP 1 – K-MEANS'!I15 -> 4 | J15: ='TAHAP 1 – K-MEANS'!J15 -> 5 | K15: ='TAHAP 1 – K-MEANS'!M89 -> K3
M18: B. MATRIKS JARAK EUCLIDEAN dij = SQRT(Σ(Ck_i − Ck_j)²) — diagonal = 0
M19: Perawat | N19: Nama | O19: P1 | P19: P2 | Q19: P3 | R19: P4 | S19: P5 | T19: P6 | U19: P7 | V19: P8 | W19: P9 | X19: P10
M20: =B6 -> 1 | N20: =C6 -> Andi Setiawan | O20: 0 | P20: =SQRT((D6-D7)^2+(E6-E7)^2+(F6-F7)^2+(G6-G7)^2+(H6-H7)^2+(I6-I7)^2+(J6-J7)^2) -> 7.4833148 | Q20: =SQRT((D6-D8)^2+(E6-E8)^2+(F6-F8)^2+(G6-G8)^2+(H6-H8)^2+(I6-I8)^2+(J6-J8)^2) -> 3 | R20: =SQRT((D6-D9)^2+(E6-E9)^2+(F6-F9)^2+(G6-G9)^2+(H6-H9)^2+(I6-I9)^2+(J6-J9)^2) -> 6.5574385 | S20: =SQRT((D6-D10)^2+(E6-E10)^2+(F6-F10)^2+(G6-G10)^2+(H6-H10)^2+(I6-I10)^2+(J6-J10)^2) -> 3.4641016 | T20: =SQRT((D6-D11)^2+(E6-E11)^2+(F6-F11)^2+(G6-G11)^2+(H6-H11)^2+(I6-I11)^2+(J6-J11)^2) -> 9.9498744 | U20: =SQRT((D6-D12)^2+(E6-E12)^2+(F6-F12)^2+(G6-G12)^2+(H6-H12)^2+(I6-I12)^2+(J6-J12)^2) -> 2.8284271 | V20: =SQRT((D6-D13)^2+(E6-E13)^2+(F6-F13)^2+(G6-G13)^2+(H6-H13)^2+(I6-I13)^2+(J6-J13)^2) -> 4.3588989 | W20: =SQRT((D6-D14)^2+(E6-E14)^2+(F6-F14)^2+(G6-G14)^2+(H6-H14)^2+(I6-I14)^2+(J6-J14)^2) -> 3 | X20: =SQRT((D6-D15)^2+(E6-E15)^2+(F6-F15)^2+(G6-G15)^2+(H6-H15)^2+(I6-I15)^2+(J6-J15)^2) -> 9.1651514
M21: =B7 -> 2 | N21: =C7 -> Budi Santoso | O21: =SQRT((D7-D6)^2+(E7-E6)^2+(F7-F6)^2+(G7-G6)^2+(H7-H6)^2+(I7-I6)^2+(J7-J6)^2) -> 7.4833148 | P21: 0 | Q21: =SQRT((D7-D8)^2+(E7-E8)^2+(F7-F8)^2+(G7-G8)^2+(H7-H8)^2+(I7-I8)^2+(J7-J8)^2) -> 8.8881944 | R21: =SQRT((D7-D9)^2+(E7-E9)^2+(F7-F9)^2+(G7-G9)^2+(H7-H9)^2+(I7-I9)^2+(J7-J9)^2) -> 2.6457513 | S21: =SQRT((D7-D10)^2+(E7-E10)^2+(F7-F10)^2+(G7-G10)^2+(H7-H10)^2+(I7-I10)^2+(J7-J10)^2) -> 5.2915026 | T21: =SQRT((D7-D11)^2+(E7-E11)^2+(F7-F11)^2+(G7-G11)^2+(H7-H11)^2+(I7-I11)^2+(J7-J11)^2) -> 2.6457513 | U21: =SQRT((D7-D12)^2+(E7-E12)^2+(F7-F12)^2+(G7-G12)^2+(H7-H12)^2+(I7-I12)^2+(J7-J12)^2) -> 8.4852814 | V21: =SQRT((D7-D13)^2+(E7-E13)^2+(F7-F13)^2+(G7-G13)^2+(H7-H13)^2+(I7-I13)^2+(J7-J13)^2) -> 3.6055513 | W21: =SQRT((D7-D14)^2+(E7-E14)^2+(F7-F14)^2+(G7-G14)^2+(H7-H14)^2+(I7-I14)^2+(J7-J14)^2) -> 8.0622577 | X21: =SQRT((D7-D15)^2+(E7-E15)^2+(F7-F15)^2+(G7-G15)^2+(H7-H15)^2+(I7-I15)^2+(J7-J15)^2) -> 3.4641016
M22: =B8 -> 3 | N22: =C8 -> Citra Dewi | O22: =SQRT((D8-D6)^2+(E8-E6)^2+(F8-F6)^2+(G8-G6)^2+(H8-H6)^2+(I8-I6)^2+(J8-J6)^2) -> 3 | P22: =SQRT((D8-D7)^2+(E8-E7)^2+(F8-F7)^2+(G8-G7)^2+(H8-H7)^2+(I8-I7)^2+(J8-J7)^2) -> 8.8881944 | Q22: 0 | R22: =SQRT((D8-D9)^2+(E8-E9)^2+(F8-F9)^2+(G8-G9)^2+(H8-H9)^2+(I8-I9)^2+(J8-J9)^2) -> 8.4852814 | S22: =SQRT((D8-D10)^2+(E8-E10)^2+(F8-F10)^2+(G8-G10)^2+(H8-H10)^2+(I8-I10)^2+(J8-J10)^2) -> 3.8729833 | T22: =SQRT((D8-D11)^2+(E8-E11)^2+(F8-F11)^2+(G8-G11)^2+(H8-H11)^2+(I8-I11)^2+(J8-J11)^2) -> 11.489125 | U22: =SQRT((D8-D12)^2+(E8-E12)^2+(F8-F12)^2+(G8-G12)^2+(H8-H12)^2+(I8-I12)^2+(J8-J12)^2) -> 2.236068 | V22: =SQRT((D8-D13)^2+(E8-E13)^2+(F8-F13)^2+(G8-G13)^2+(H8-H13)^2+(I8-I13)^2+(J8-J13)^2) -> 6.3245553 | W22: =SQRT((D8-D14)^2+(E8-E14)^2+(F8-F14)^2+(G8-G14)^2+(H8-H14)^2+(I8-I14)^2+(J8-J14)^2) -> 2 | X22: =SQRT((D8-D15)^2+(E8-E15)^2+(F8-F15)^2+(G8-G15)^2+(H8-H15)^2+(I8-I15)^2+(J8-J15)^2) -> 11.090537
M23: =B9 -> 4 | N23: =C9 -> Dian Pratiwi | O23: =SQRT((D9-D6)^2+(E9-E6)^2+(F9-F6)^2+(G9-G6)^2+(H9-H6)^2+(I9-I6)^2+(J9-J6)^2) -> 6.5574385 | P23: =SQRT((D9-D7)^2+(E9-E7)^2+(F9-F7)^2+(G9-G7)^2+(H9-H7)^2+(I9-I7)^2+(J9-J7)^2) -> 2.6457513 | Q23: =SQRT((D9-D8)^2+(E9-E8)^2+(F9-F8)^2+(G9-G8)^2+(H9-H8)^2+(I9-I8)^2+(J9-J8)^2) -> 8.4852814 | R23: 0 | S23: =SQRT((D9-D10)^2+(E9-E10)^2+(F9-F10)^2+(G9-G10)^2+(H9-H10)^2+(I9-I10)^2+(J9-J10)^2) -> 5.5677644 | T23: =SQRT((D9-D11)^2+(E9-E11)^2+(F9-F11)^2+(G9-G11)^2+(H9-H11)^2+(I9-I11)^2+(J9-J11)^2) -> 4 | U23: =SQRT((D9-D12)^2+(E9-E12)^2+(F9-F12)^2+(G9-G12)^2+(H9-H12)^2+(I9-I12)^2+(J9-J12)^2) -> 8.1853528 | V23: =SQRT((D9-D13)^2+(E9-E13)^2+(F9-F13)^2+(G9-G13)^2+(H9-H13)^2+(I9-I13)^2+(J9-J13)^2) -> 2.4494897 | W23: =SQRT((D9-D14)^2+(E9-E14)^2+(F9-F14)^2+(G9-G14)^2+(H9-H14)^2+(I9-I14)^2+(J9-J14)^2) -> 7.8740079 | X23: =SQRT((D9-D15)^2+(E9-E15)^2+(F9-F15)^2+(G9-G15)^2+(H9-H15)^2+(I9-I15)^2+(J9-J15)^2) -> 2.6457513
M24: =B10 -> 5 | N24: =C10 -> Eko Wahyudi | O24: =SQRT((D10-D6)^2+(E10-E6)^2+(F10-F6)^2+(G10-G6)^2+(H10-H6)^2+(I10-I6)^2+(J10-J6)^2) -> 3.4641016 | P24: =SQRT((D10-D7)^2+(E10-E7)^2+(F10-F7)^2+(G10-G7)^2+(H10-H7)^2+(I10-I7)^2+(J10-J7)^2) -> 5.2915026 | Q24: =SQRT((D10-D8)^2+(E10-E8)^2+(F10-F8)^2+(G10-G8)^2+(H10-H8)^2+(I10-I8)^2+(J10-J8)^2) -> 3.8729833 | R24: =SQRT((D10-D9)^2+(E10-E9)^2+(F10-F9)^2+(G10-G9)^2+(H10-H9)^2+(I10-I9)^2+(J10-J9)^2) -> 5.5677644 | S24: 0 | T24: =SQRT((D10-D11)^2+(E10-E11)^2+(F10-F11)^2+(G10-G11)^2+(H10-H11)^2+(I10-I11)^2+(J10-J11)^2) -> 7.9372539 | U24: =SQRT((D10-D12)^2+(E10-E12)^2+(F10-F12)^2+(G10-G12)^2+(H10-H12)^2+(I10-I12)^2+(J10-J12)^2) -> 3.4641016 | V24: =SQRT((D10-D13)^2+(E10-E13)^2+(F10-F13)^2+(G10-G13)^2+(H10-H13)^2+(I10-I13)^2+(J10-J13)^2) -> 3.6055513 | W24: =SQRT((D10-D14)^2+(E10-E14)^2+(F10-F14)^2+(G10-G14)^2+(H10-H14)^2+(I10-I14)^2+(J10-J14)^2) -> 3 | X24: =SQRT((D10-D15)^2+(E10-E15)^2+(F10-F15)^2+(G10-G15)^2+(H10-H15)^2+(I10-I15)^2+(J10-J15)^2) -> 8
M25: =B11 -> 6 | N25: =C11 -> Fitri Handayani | O25: =SQRT((D11-D6)^2+(E11-E6)^2+(F11-F6)^2+(G11-G6)^2+(H11-H6)^2+(I11-I6)^2+(J11-J6)^2) -> 9.9498744 | P25: =SQRT((D11-D7)^2+(E11-E7)^2+(F11-F7)^2+(G11-G7)^2+(H11-H7)^2+(I11-I7)^2+(J11-J7)^2) -> 2.6457513 | Q25: =SQRT((D11-D8)^2+(E11-E8)^2+(F11-F8)^2+(G11-G8)^2+(H11-H8)^2+(I11-I8)^2+(J11-J8)^2) -> 11.489125 | R25: =SQRT((D11-D9)^2+(E11-E9)^2+(F11-F9)^2+(G11-G9)^2+(H11-H9)^2+(I11-I9)^2+(J11-J9)^2) -> 4 | S25: =SQRT((D11-D10)^2+(E11-E10)^2+(F11-F10)^2+(G11-G10)^2+(H11-H10)^2+(I11-I10)^2+(J11-J10)^2) -> 7.9372539 | T25: 0 | U25: =SQRT((D11-D12)^2+(E11-E12)^2+(F11-F12)^2+(G11-G12)^2+(H11-H12)^2+(I11-I12)^2+(J11-J12)^2) -> 11.090537 | V25: =SQRT((D11-D13)^2+(E11-E13)^2+(F11-F13)^2+(G11-G13)^2+(H11-H13)^2+(I11-I13)^2+(J11-J13)^2) -> 5.8309519 | W25: =SQRT((D11-D14)^2+(E11-E14)^2+(F11-F14)^2+(G11-G14)^2+(H11-H14)^2+(I11-I14)^2+(J11-J14)^2) -> 10.677078 | X25: =SQRT((D11-D15)^2+(E11-E15)^2+(F11-F15)^2+(G11-G15)^2+(H11-H15)^2+(I11-I15)^2+(J11-J15)^2) -> 2.6457513
M26: =B12 -> 7 | N26: =C12 -> Galih Nugroho | O26: =SQRT((D12-D6)^2+(E12-E6)^2+(F12-F6)^2+(G12-G6)^2+(H12-H6)^2+(I12-I6)^2+(J12-J6)^2) -> 2.8284271 | P26: =SQRT((D12-D7)^2+(E12-E7)^2+(F12-F7)^2+(G12-G7)^2+(H12-H7)^2+(I12-I7)^2+(J12-J7)^2) -> 8.4852814 | Q26: =SQRT((D12-D8)^2+(E12-E8)^2+(F12-F8)^2+(G12-G8)^2+(H12-H8)^2+(I12-I8)^2+(J12-J8)^2) -> 2.236068 | R26: =SQRT((D12-D9)^2+(E12-E9)^2+(F12-F9)^2+(G12-G9)^2+(H12-H9)^2+(I12-I9)^2+(J12-J9)^2) -> 8.1853528 | S26: =SQRT((D12-D10)^2+(E12-E10)^2+(F12-F10)^2+(G12-G10)^2+(H12-H10)^2+(I12-I10)^2+(J12-J10)^2) -> 3.4641016 | T26: =SQRT((D12-D11)^2+(E12-E11)^2+(F12-F11)^2+(G12-G11)^2+(H12-H11)^2+(I12-I11)^2+(J12-J11)^2) -> 11.090537 | U26: 0 | V26: =SQRT((D12-D13)^2+(E12-E13)^2+(F12-F13)^2+(G12-G13)^2+(H12-H13)^2+(I12-I13)^2+(J12-J13)^2) -> 6.0827625 | W26: =SQRT((D12-D14)^2+(E12-E14)^2+(F12-F14)^2+(G12-G14)^2+(H12-H14)^2+(I12-I14)^2+(J12-J14)^2) -> 2.236068 | X26: =SQRT((D12-D15)^2+(E12-E15)^2+(F12-F15)^2+(G12-G15)^2+(H12-H15)^2+(I12-I15)^2+(J12-J15)^2) -> 10.77033
M27: =B13 -> 8 | N27: =C13 -> Hana Putri | O27: =SQRT((D13-D6)^2+(E13-E6)^2+(F13-F6)^2+(G13-G6)^2+(H13-H6)^2+(I13-I6)^2+(J13-J6)^2) -> 4.3588989 | P27: =SQRT((D13-D7)^2+(E13-E7)^2+(F13-F7)^2+(G13-G7)^2+(H13-H7)^2+(I13-I7)^2+(J13-J7)^2) -> 3.6055513 | Q27: =SQRT((D13-D8)^2+(E13-E8)^2+(F13-F8)^2+(G13-G8)^2+(H13-H8)^2+(I13-I8)^2+(J13-J8)^2) -> 6.3245553 | R27: =SQRT((D13-D9)^2+(E13-E9)^2+(F13-F9)^2+(G13-G9)^2+(H13-H9)^2+(I13-I9)^2+(J13-J9)^2) -> 2.4494897 | S27: =SQRT((D13-D10)^2+(E13-E10)^2+(F13-F10)^2+(G13-G10)^2+(H13-H10)^2+(I13-I10)^2+(J13-J10)^2) -> 3.6055513 | T27: =SQRT((D13-D11)^2+(E13-E11)^2+(F13-F11)^2+(G13-G11)^2+(H13-H11)^2+(I13-I11)^2+(J13-J11)^2) -> 5.8309519 | U27: =SQRT((D13-D12)^2+(E13-E12)^2+(F13-F12)^2+(G13-G12)^2+(H13-H12)^2+(I13-I12)^2+(J13-J12)^2) -> 6.0827625 | V27: 0 | W27: =SQRT((D13-D14)^2+(E13-E14)^2+(F13-F14)^2+(G13-G14)^2+(H13-H14)^2+(I13-I14)^2+(J13-J14)^2) -> 5.6568542 | X27: =SQRT((D13-D15)^2+(E13-E15)^2+(F13-F15)^2+(G13-G15)^2+(H13-H15)^2+(I13-I15)^2+(J13-J15)^2) -> 5
M28: =B14 -> 9 | N28: =C14 -> Indra Kusuma | O28: =SQRT((D14-D6)^2+(E14-E6)^2+(F14-F6)^2+(G14-G6)^2+(H14-H6)^2+(I14-I6)^2+(J14-J6)^2) -> 3 | P28: =SQRT((D14-D7)^2+(E14-E7)^2+(F14-F7)^2+(G14-G7)^2+(H14-H7)^2+(I14-I7)^2+(J14-J7)^2) -> 8.0622577 | Q28: =SQRT((D14-D8)^2+(E14-E8)^2+(F14-F8)^2+(G14-G8)^2+(H14-H8)^2+(I14-I8)^2+(J14-J8)^2) -> 2 | R28: =SQRT((D14-D9)^2+(E14-E9)^2+(F14-F9)^2+(G14-G9)^2+(H14-H9)^2+(I14-I9)^2+(J14-J9)^2) -> 7.8740079 | S28: =SQRT((D14-D10)^2+(E14-E10)^2+(F14-F10)^2+(G14-G10)^2+(H14-H10)^2+(I14-I10)^2+(J14-J10)^2) -> 3 | T28: =SQRT((D14-D11)^2+(E14-E11)^2+(F14-F11)^2+(G14-G11)^2+(H14-H11)^2+(I14-I11)^2+(J14-J11)^2) -> 10.677078 | U28: =SQRT((D14-D12)^2+(E14-E12)^2+(F14-F12)^2+(G14-G12)^2+(H14-H12)^2+(I14-I12)^2+(J14-J12)^2) -> 2.236068 | V28: =SQRT((D14-D13)^2+(E14-E13)^2+(F14-F13)^2+(G14-G13)^2+(H14-H13)^2+(I14-I13)^2+(J14-J13)^2) -> 5.6568542 | W28: 0 | X28: =SQRT((D14-D15)^2+(E14-E15)^2+(F14-F15)^2+(G14-G15)^2+(H14-H15)^2+(I14-I15)^2+(J14-J15)^2) -> 10.440307
M29: =B15 -> 10 | N29: =C15 -> Joko Purnomo | O29: =SQRT((D15-D6)^2+(E15-E6)^2+(F15-F6)^2+(G15-G6)^2+(H15-H6)^2+(I15-I6)^2+(J15-J6)^2) -> 9.1651514 | P29: =SQRT((D15-D7)^2+(E15-E7)^2+(F15-F7)^2+(G15-G7)^2+(H15-H7)^2+(I15-I7)^2+(J15-J7)^2) -> 3.4641016 | Q29: =SQRT((D15-D8)^2+(E15-E8)^2+(F15-F8)^2+(G15-G8)^2+(H15-H8)^2+(I15-I8)^2+(J15-J8)^2) -> 11.090537 | R29: =SQRT((D15-D9)^2+(E15-E9)^2+(F15-F9)^2+(G15-G9)^2+(H15-H9)^2+(I15-I9)^2+(J15-J9)^2) -> 2.6457513 | S29: =SQRT((D15-D10)^2+(E15-E10)^2+(F15-F10)^2+(G15-G10)^2+(H15-H10)^2+(I15-I10)^2+(J15-J10)^2) -> 8 | T29: =SQRT((D15-D11)^2+(E15-E11)^2+(F15-F11)^2+(G15-G11)^2+(H15-H11)^2+(I15-I11)^2+(J15-J11)^2) -> 2.6457513 | U29: =SQRT((D15-D12)^2+(E15-E12)^2+(F15-F12)^2+(G15-G12)^2+(H15-H12)^2+(I15-I12)^2+(J15-J12)^2) -> 10.77033 | V29: =SQRT((D15-D13)^2+(E15-E13)^2+(F15-F13)^2+(G15-G13)^2+(H15-H13)^2+(I15-I13)^2+(J15-J13)^2) -> 5 | W29: =SQRT((D15-D14)^2+(E15-E14)^2+(F15-F14)^2+(G15-G14)^2+(H15-H14)^2+(I15-I14)^2+(J15-J14)^2) -> 10.440307 | X29: 0
B32: C. a(i) — RATA-RATA JARAK KE ANGGOTA KLASTER SENDIRI
B33: No | C33: Nama | D33: Klaster | E33: n klaster | F33: Σ jarak sesama | G33: a(i) | H33: Interpretasi
B34: =B6 -> 1 | C34: =C6 -> Andi Setiawan | D34: =K6 -> K1 | E34: =COUNTIF(K$6:K$15,K6) -> 4 | F34: =(IF(K6=K6,O20,0)+IF(K7=K6,P20,0)+IF(K8=K6,Q20,0)+IF(K9=K6,R20,0)+IF(K10=K6,S20,0)+IF(K11=K6,T20,0)+IF(K12=K6,U20,0)+IF(K13=K6,V20,0)+IF(K14=K6,W20,0)+IF(K15=K6,X20,0)) -> 8.8284271 | G34: =IFERROR((IF(K6=K6,O20,0)+IF(K7=K6,P20,0)+IF(K8=K6,Q20,0)+IF(K9=K6,R20,0)+IF(K10=K6,S20,0)+IF(K11=K6,T20,0)+IF(K12=K6,U20,0)+IF(K13=K6,V20,0)+IF(K14=K6,W20,0)+IF(K15=K6,X20,0))/(E34-1),0) -> 2.942809 | H34: =IF(G34<1,"Kohesi sangat tinggi",IF(G34<2,"Kohesi tinggi",IF(G34<3,"Kohesi sedang","Kohesi rendah"))) -> Kohesi sedang
B35: =B7 -> 2 | C35: =C7 -> Budi Santoso | D35: =K7 -> K3 | E35: =COUNTIF(K$6:K$15,K7) -> 4 | F35: =(IF(K6=K7,O21,0)+IF(K7=K7,P21,0)+IF(K8=K7,Q21,0)+IF(K9=K7,R21,0)+IF(K10=K7,S21,0)+IF(K11=K7,T21,0)+IF(K12=K7,U21,0)+IF(K13=K7,V21,0)+IF(K14=K7,W21,0)+IF(K15=K7,X21,0)) -> 8.7556042 | G35: =IFERROR((IF(K6=K7,O21,0)+IF(K7=K7,P21,0)+IF(K8=K7,Q21,0)+IF(K9=K7,R21,0)+IF(K10=K7,S21,0)+IF(K11=K7,T21,0)+IF(K12=K7,U21,0)+IF(K13=K7,V21,0)+IF(K14=K7,W21,0)+IF(K15=K7,X21,0))/(E35-1),0) -> 2.9185347 | H35: =IF(G35<1,"Kohesi sangat tinggi",IF(G35<2,"Kohesi tinggi",IF(G35<3,"Kohesi sedang","Kohesi rendah"))) -> Kohesi sedang
B36: =B8 -> 3 | C36: =C8 -> Citra Dewi | D36: =K8 -> K1 | E36: =COUNTIF(K$6:K$15,K8) -> 4 | F36: =(IF(K6=K8,O22,0)+IF(K7=K8,P22,0)+IF(K8=K8,Q22,0)+IF(K9=K8,R22,0)+IF(K10=K8,S22,0)+IF(K11=K8,T22,0)+IF(K12=K8,U22,0)+IF(K13=K8,V22,0)+IF(K14=K8,W22,0)+IF(K15=K8,X22,0)) -> 7.236068 | G36: =IFERROR((IF(K6=K8,O22,0)+IF(K7=K8,P22,0)+IF(K8=K8,Q22,0)+IF(K9=K8,R22,0)+IF(K10=K8,S22,0)+IF(K11=K8,T22,0)+IF(K12=K8,U22,0)+IF(K13=K8,V22,0)+IF(K14=K8,W22,0)+IF(K15=K8,X22,0))/(E36-1),0) -> 2.4120227 | H36: =IF(G36<1,"Kohesi sangat tinggi",IF(G36<2,"Kohesi tinggi",IF(G36<3,"Kohesi sedang","Kohesi rendah"))) -> Kohesi sedang
B37: =B9 -> 4 | C37: =C9 -> Dian Pratiwi | D37: =K9 -> K3 | E37: =COUNTIF(K$6:K$15,K9) -> 4 | F37: =(IF(K6=K9,O23,0)+IF(K7=K9,P23,0)+IF(K8=K9,Q23,0)+IF(K9=K9,R23,0)+IF(K10=K9,S23,0)+IF(K11=K9,T23,0)+IF(K12=K9,U23,0)+IF(K13=K9,V23,0)+IF(K14=K9,W23,0)+IF(K15=K9,X23,0)) -> 9.2915026 | G37: =IFERROR((IF(K6=K9,O23,0)+IF(K7=K9,P23,0)+IF(K8=K9,Q23,0)+IF(K9=K9,R23,0)+IF(K10=K9,S23,0)+IF(K11=K9,T23,0)+IF(K12=K9,U23,0)+IF(K13=K9,V23,0)+IF(K14=K9,W23,0)+IF(K15=K9,X23,0))/(E37-1),0) -> 3.0971675 | H37: =IF(G37<1,"Kohesi sangat tinggi",IF(G37<2,"Kohesi tinggi",IF(G37<3,"Kohesi sedang","Kohesi rendah"))) -> Kohesi rendah
B38: =B10 -> 5 | C38: =C10 -> Eko Wahyudi | D38: =K10 -> K2 | E38: =COUNTIF(K$6:K$15,K10) -> 2 | F38: =(IF(K6=K10,O24,0)+IF(K7=K10,P24,0)+IF(K8=K10,Q24,0)+IF(K9=K10,R24,0)+IF(K10=K10,S24,0)+IF(K11=K10,T24,0)+IF(K12=K10,U24,0)+IF(K13=K10,V24,0)+IF(K14=K10,W24,0)+IF(K15=K10,X24,0)) -> 3.6055513 | G38: =IFERROR((IF(K6=K10,O24,0)+IF(K7=K10,P24,0)+IF(K8=K10,Q24,0)+IF(K9=K10,R24,0)+IF(K10=K10,S24,0)+IF(K11=K10,T24,0)+IF(K12=K10,U24,0)+IF(K13=K10,V24,0)+IF(K14=K10,W24,0)+IF(K15=K10,X24,0))/(E38-1),0) -> 3.6055513 | H38: =IF(G38<1,"Kohesi sangat tinggi",IF(G38<2,"Kohesi tinggi",IF(G38<3,"Kohesi sedang","Kohesi rendah"))) -> Kohesi rendah
B39: =B11 -> 6 | C39: =C11 -> Fitri Handayani | D39: =K11 -> K3 | E39: =COUNTIF(K$6:K$15,K11) -> 4 | F39: =(IF(K6=K11,O25,0)+IF(K7=K11,P25,0)+IF(K8=K11,Q25,0)+IF(K9=K11,R25,0)+IF(K10=K11,S25,0)+IF(K11=K11,T25,0)+IF(K12=K11,U25,0)+IF(K13=K11,V25,0)+IF(K14=K11,W25,0)+IF(K15=K11,X25,0)) -> 9.2915026 | G39: =IFERROR((IF(K6=K11,O25,0)+IF(K7=K11,P25,0)+IF(K8=K11,Q25,0)+IF(K9=K11,R25,0)+IF(K10=K11,S25,0)+IF(K11=K11,T25,0)+IF(K12=K11,U25,0)+IF(K13=K11,V25,0)+IF(K14=K11,W25,0)+IF(K15=K11,X25,0))/(E39-1),0) -> 3.0971675 | H39: =IF(G39<1,"Kohesi sangat tinggi",IF(G39<2,"Kohesi tinggi",IF(G39<3,"Kohesi sedang","Kohesi rendah"))) -> Kohesi rendah
B40: =B12 -> 7 | C40: =C12 -> Galih Nugroho | D40: =K12 -> K1 | E40: =COUNTIF(K$6:K$15,K12) -> 4 | F40: =(IF(K6=K12,O26,0)+IF(K7=K12,P26,0)+IF(K8=K12,Q26,0)+IF(K9=K12,R26,0)+IF(K10=K12,S26,0)+IF(K11=K12,T26,0)+IF(K12=K12,U26,0)+IF(K13=K12,V26,0)+IF(K14=K12,W26,0)+IF(K15=K12,X26,0)) -> 7.3005631 | G40: =IFERROR((IF(K6=K12,O26,0)+IF(K7=K12,P26,0)+IF(K8=K12,Q26,0)+IF(K9=K12,R26,0)+IF(K10=K12,S26,0)+IF(K11=K12,T26,0)+IF(K12=K12,U26,0)+IF(K13=K12,V26,0)+IF(K14=K12,W26,0)+IF(K15=K12,X26,0))/(E40-1),0) -> 2.433521 | H40: =IF(G40<1,"Kohesi sangat tinggi",IF(G40<2,"Kohesi tinggi",IF(G40<3,"Kohesi sedang","Kohesi rendah"))) -> Kohesi sedang
B41: =B13 -> 8 | C41: =C13 -> Hana Putri | D41: =K13 -> K2 | E41: =COUNTIF(K$6:K$15,K13) -> 2 | F41: =(IF(K6=K13,O27,0)+IF(K7=K13,P27,0)+IF(K8=K13,Q27,0)+IF(K9=K13,R27,0)+IF(K10=K13,S27,0)+IF(K11=K13,T27,0)+IF(K12=K13,U27,0)+IF(K13=K13,V27,0)+IF(K14=K13,W27,0)+IF(K15=K13,X27,0)) -> 3.6055513 | G41: =IFERROR((IF(K6=K13,O27,0)+IF(K7=K13,P27,0)+IF(K8=K13,Q27,0)+IF(K9=K13,R27,0)+IF(K10=K13,S27,0)+IF(K11=K13,T27,0)+IF(K12=K13,U27,0)+IF(K13=K13,V27,0)+IF(K14=K13,W27,0)+IF(K15=K13,X27,0))/(E41-1),0) -> 3.6055513 | H41: =IF(G41<1,"Kohesi sangat tinggi",IF(G41<2,"Kohesi tinggi",IF(G41<3,"Kohesi sedang","Kohesi rendah"))) -> Kohesi rendah
B42: =B14 -> 9 | C42: =C14 -> Indra Kusuma | D42: =K14 -> K1 | E42: =COUNTIF(K$6:K$15,K14) -> 4 | F42: =(IF(K6=K14,O28,0)+IF(K7=K14,P28,0)+IF(K8=K14,Q28,0)+IF(K9=K14,R28,0)+IF(K10=K14,S28,0)+IF(K11=K14,T28,0)+IF(K12=K14,U28,0)+IF(K13=K14,V28,0)+IF(K14=K14,W28,0)+IF(K15=K14,X28,0)) -> 7.236068 | G42: =IFERROR((IF(K6=K14,O28,0)+IF(K7=K14,P28,0)+IF(K8=K14,Q28,0)+IF(K9=K14,R28,0)+IF(K10=K14,S28,0)+IF(K11=K14,T28,0)+IF(K12=K14,U28,0)+IF(K13=K14,V28,0)+IF(K14=K14,W28,0)+IF(K15=K14,X28,0))/(E42-1),0) -> 2.4120227 | H42: =IF(G42<1,"Kohesi sangat tinggi",IF(G42<2,"Kohesi tinggi",IF(G42<3,"Kohesi sedang","Kohesi rendah"))) -> Kohesi sedang
B43: =B15 -> 10 | C43: =C15 -> Joko Purnomo | D43: =K15 -> K3 | E43: =COUNTIF(K$6:K$15,K15) -> 4 | F43: =(IF(K6=K15,O29,0)+IF(K7=K15,P29,0)+IF(K8=K15,Q29,0)+IF(K9=K15,R29,0)+IF(K10=K15,S29,0)+IF(K11=K15,T29,0)+IF(K12=K15,U29,0)+IF(K13=K15,V29,0)+IF(K14=K15,W29,0)+IF(K15=K15,X29,0)) -> 8.7556042 | G43: =IFERROR((IF(K6=K15,O29,0)+IF(K7=K15,P29,0)+IF(K8=K15,Q29,0)+IF(K9=K15,R29,0)+IF(K10=K15,S29,0)+IF(K11=K15,T29,0)+IF(K12=K15,U29,0)+IF(K13=K15,V29,0)+IF(K14=K15,W29,0)+IF(K15=K15,X29,0))/(E43-1),0) -> 2.9185347 | H43: =IF(G43<1,"Kohesi sangat tinggi",IF(G43<2,"Kohesi tinggi",IF(G43<3,"Kohesi sedang","Kohesi rendah"))) -> Kohesi sedang
B46: D. b(i) — RATA-RATA JARAK KE KLASTER TERDEKAT LAINNYA | b(i) = MIN avg ke klaster lain
B47: No | C47: Nama | D47: Klaster | E47: avg→K1 | F47: avg→K2 | G47: avg→K3 | H47: b(i) | I47: Klaster terdekat
B48: =B6 -> 1 | C48: =C6 -> Andi Setiawan | D48: =K6 -> K1 | E48: =IF(K6="K1","—",IFERROR((IF(K6="K1",O20,0)+IF(K7="K1",P20,0)+IF(K8="K1",Q20,0)+IF(K9="K1",R20,0)+IF(K10="K1",S20,0)+IF(K11="K1",T20,0)+IF(K12="K1",U20,0)+IF(K13="K1",V20,0)+IF(K14="K1",W20,0)+IF(K15="K1",X20,0))/COUNTIF(K$6:K$15,"K1"),0)) -> — | F48: =IF(K6="K2","—",IFERROR((IF(K6="K2",O20,0)+IF(K7="K2",P20,0)+IF(K8="K2",Q20,0)+IF(K9="K2",R20,0)+IF(K10="K2",S20,0)+IF(K11="K2",T20,0)+IF(K12="K2",U20,0)+IF(K13="K2",V20,0)+IF(K14="K2",W20,0)+IF(K15="K2",X20,0))/COUNTIF(K$6:K$15,"K2"),0)) -> 3.9115003 | G48: =IF(K6="K3","—",IFERROR((IF(K6="K3",O20,0)+IF(K7="K3",P20,0)+IF(K8="K3",Q20,0)+IF(K9="K3",R20,0)+IF(K10="K3",S20,0)+IF(K11="K3",T20,0)+IF(K12="K3",U20,0)+IF(K13="K3",V20,0)+IF(K14="K3",W20,0)+IF(K15="K3",X20,0))/COUNTIF(K$6:K$15,"K3"),0)) -> 8.2889448 | H48: =MIN(IF(K6<>"K1",IFERROR((IF(K6="K1",O20,0)+IF(K7="K1",P20,0)+IF(K8="K1",Q20,0)+IF(K9="K1",R20,0)+IF(K10="K1",S20,0)+IF(K11="K1",T20,0)+IF(K12="K1",U20,0)+IF(K13="K1",V20,0)+IF(K14="K1",W20,0)+IF(K15="K1",X20,0))/COUNTIF(K$6:K$15,"K1"),0),1E+99),IF(K6<>"K2",IFERROR((IF(K6="K2",O20,0)+IF(K7="K2",P20,0)+IF(K8="K2",Q20,0)+IF(K9="K2",R20,0)+IF(K10="K2",S20,0)+IF(K11="K2",T20,0)+IF(K12="K2",U20,0)+IF(K13="K2",V20,0)+IF(K14="K2",W20,0)+IF(K15="K2",X20,0))/COUNTIF(K$6:K$15,"K2"),0),1E+99),IF(K6<>"K3",IFERROR((IF(K6="K3",O20,0)+IF(K7="K3",P20,0)+IF(K8="K3",Q20,0)+IF(K9="K3",R20,0)+IF(K10="K3",S20,0)+IF(K11="K3",T20,0)+IF(K12="K3",U20,0)+IF(K13="K3",V20,0)+IF(K14="K3",W20,0)+IF(K15="K3",X20,0))/COUNTIF(K$6:K$15,"K3"),0),1E+99)) -> 3.9115003 | I48: =IF(K6<>"K1",IF(H48=(IFERROR((IF(K6="K1",O20,0)+IF(K7="K1",P20,0)+IF(K8="K1",Q20,0)+IF(K9="K1",R20,0)+IF(K10="K1",S20,0)+IF(K11="K1",T20,0)+IF(K12="K1",U20,0)+IF(K13="K1",V20,0)+IF(K14="K1",W20,0)+IF(K15="K1",X20,0))/COUNTIF(K$6:K$15,"K1"),0)),"K1",IF(H48=(IFERROR((IF(K6="K2",O20,0)+IF(K7="K2",P20,0)+IF(K8="K2",Q20,0)+IF(K9="K2",R20,0)+IF(K10="K2",S20,0)+IF(K11="K2",T20,0)+IF(K12="K2",U20,0)+IF(K13="K2",V20,0)+IF(K14="K2",W20,0)+IF(K15="K2",X20,0))/COUNTIF(K$6:K$15,"K2"),0)),"K2","K3")),IF(H48=(IFERROR((IF(K6="K2",O20,0)+IF(K7="K2",P20,0)+IF(K8="K2",Q20,0)+IF(K9="K2",R20,0)+IF(K10="K2",S20,0)+IF(K11="K2",T20,0)+IF(K12="K2",U20,0)+IF(K13="K2",V20,0)+IF(K14="K2",W20,0)+IF(K15="K2",X20,0))/COUNTIF(K$6:K$15,"K2"),0)),"K2","K3")) -> K2
B49: =B7 -> 2 | C49: =C7 -> Budi Santoso | D49: =K7 -> K3 | E49: =IF(K7="K1","—",IFERROR((IF(K6="K1",O21,0)+IF(K7="K1",P21,0)+IF(K8="K1",Q21,0)+IF(K9="K1",R21,0)+IF(K10="K1",S21,0)+IF(K11="K1",T21,0)+IF(K12="K1",U21,0)+IF(K13="K1",V21,0)+IF(K14="K1",W21,0)+IF(K15="K1",X21,0))/COUNTIF(K$6:K$15,"K1"),0)) -> 8.2297621 | F49: =IF(K7="K2","—",IFERROR((IF(K6="K2",O21,0)+IF(K7="K2",P21,0)+IF(K8="K2",Q21,0)+IF(K9="K2",R21,0)+IF(K10="K2",S21,0)+IF(K11="K2",T21,0)+IF(K12="K2",U21,0)+IF(K13="K2",V21,0)+IF(K14="K2",W21,0)+IF(K15="K2",X21,0))/COUNTIF(K$6:K$15,"K2"),0)) -> 4.4485269 | G49: =IF(K7="K3","—",IFERROR((IF(K6="K3",O21,0)+IF(K7="K3",P21,0)+IF(K8="K3",Q21,0)+IF(K9="K3",R21,0)+IF(K10="K3",S21,0)+IF(K11="K3",T21,0)+IF(K12="K3",U21,0)+IF(K13="K3",V21,0)+IF(K14="K3",W21,0)+IF(K15="K3",X21,0))/COUNTIF(K$6:K$15,"K3"),0)) -> — | H49: =MIN(IF(K7<>"K1",IFERROR((IF(K6="K1",O21,0)+IF(K7="K1",P21,0)+IF(K8="K1",Q21,0)+IF(K9="K1",R21,0)+IF(K10="K1",S21,0)+IF(K11="K1",T21,0)+IF(K12="K1",U21,0)+IF(K13="K1",V21,0)+IF(K14="K1",W21,0)+IF(K15="K1",X21,0))/COUNTIF(K$6:K$15,"K1"),0),1E+99),IF(K7<>"K2",IFERROR((IF(K6="K2",O21,0)+IF(K7="K2",P21,0)+IF(K8="K2",Q21,0)+IF(K9="K2",R21,0)+IF(K10="K2",S21,0)+IF(K11="K2",T21,0)+IF(K12="K2",U21,0)+IF(K13="K2",V21,0)+IF(K14="K2",W21,0)+IF(K15="K2",X21,0))/COUNTIF(K$6:K$15,"K2"),0),1E+99),IF(K7<>"K3",IFERROR((IF(K6="K3",O21,0)+IF(K7="K3",P21,0)+IF(K8="K3",Q21,0)+IF(K9="K3",R21,0)+IF(K10="K3",S21,0)+IF(K11="K3",T21,0)+IF(K12="K3",U21,0)+IF(K13="K3",V21,0)+IF(K14="K3",W21,0)+IF(K15="K3",X21,0))/COUNTIF(K$6:K$15,"K3"),0),1E+99)) -> 4.4485269 | I49: =IF(K7<>"K1",IF(H49=(IFERROR((IF(K6="K1",O21,0)+IF(K7="K1",P21,0)+IF(K8="K1",Q21,0)+IF(K9="K1",R21,0)+IF(K10="K1",S21,0)+IF(K11="K1",T21,0)+IF(K12="K1",U21,0)+IF(K13="K1",V21,0)+IF(K14="K1",W21,0)+IF(K15="K1",X21,0))/COUNTIF(K$6:K$15,"K1"),0)),"K1",IF(H49=(IFERROR((IF(K6="K2",O21,0)+IF(K7="K2",P21,0)+IF(K8="K2",Q21,0)+IF(K9="K2",R21,0)+IF(K10="K2",S21,0)+IF(K11="K2",T21,0)+IF(K12="K2",U21,0)+IF(K13="K2",V21,0)+IF(K14="K2",W21,0)+IF(K15="K2",X21,0))/COUNTIF(K$6:K$15,"K2"),0)),"K2","K3")),IF(H49=(IFERROR((IF(K6="K2",O21,0)+IF(K7="K2",P21,0)+IF(K8="K2",Q21,0)+IF(K9="K2",R21,0)+IF(K10="K2",S21,0)+IF(K11="K2",T21,0)+IF(K12="K2",U21,0)+IF(K13="K2",V21,0)+IF(K14="K2",W21,0)+IF(K15="K2",X21,0))/COUNTIF(K$6:K$15,"K2"),0)),"K2","K3")) -> K2
B50: =B8 -> 3 | C50: =C8 -> Citra Dewi | D50: =K8 -> K1 | E50: =IF(K8="K1","—",IFERROR((IF(K6="K1",O22,0)+IF(K7="K1",P22,0)+IF(K8="K1",Q22,0)+IF(K9="K1",R22,0)+IF(K10="K1",S22,0)+IF(K11="K1",T22,0)+IF(K12="K1",U22,0)+IF(K13="K1",V22,0)+IF(K14="K1",W22,0)+IF(K15="K1",X22,0))/COUNTIF(K$6:K$15,"K1"),0)) -> — | F50: =IF(K8="K2","—",IFERROR((IF(K6="K2",O22,0)+IF(K7="K2",P22,0)+IF(K8="K2",Q22,0)+IF(K9="K2",R22,0)+IF(K10="K2",S22,0)+IF(K11="K2",T22,0)+IF(K12="K2",U22,0)+IF(K13="K2",V22,0)+IF(K14="K2",W22,0)+IF(K15="K2",X22,0))/COUNTIF(K$6:K$15,"K2"),0)) -> 5.0987693 | G50: =IF(K8="K3","—",IFERROR((IF(K6="K3",O22,0)+IF(K7="K3",P22,0)+IF(K8="K3",Q22,0)+IF(K9="K3",R22,0)+IF(K10="K3",S22,0)+IF(K11="K3",T22,0)+IF(K12="K3",U22,0)+IF(K13="K3",V22,0)+IF(K14="K3",W22,0)+IF(K15="K3",X22,0))/COUNTIF(K$6:K$15,"K3"),0)) -> 9.9882844 | H50: =MIN(IF(K8<>"K1",IFERROR((IF(K6="K1",O22,0)+IF(K7="K1",P22,0)+IF(K8="K1",Q22,0)+IF(K9="K1",R22,0)+IF(K10="K1",S22,0)+IF(K11="K1",T22,0)+IF(K12="K1",U22,0)+IF(K13="K1",V22,0)+IF(K14="K1",W22,0)+IF(K15="K1",X22,0))/COUNTIF(K$6:K$15,"K1"),0),1E+99),IF(K8<>"K2",IFERROR((IF(K6="K2",O22,0)+IF(K7="K2",P22,0)+IF(K8="K2",Q22,0)+IF(K9="K2",R22,0)+IF(K10="K2",S22,0)+IF(K11="K2",T22,0)+IF(K12="K2",U22,0)+IF(K13="K2",V22,0)+IF(K14="K2",W22,0)+IF(K15="K2",X22,0))/COUNTIF(K$6:K$15,"K2"),0),1E+99),IF(K8<>"K3",IFERROR((IF(K6="K3",O22,0)+IF(K7="K3",P22,0)+IF(K8="K3",Q22,0)+IF(K9="K3",R22,0)+IF(K10="K3",S22,0)+IF(K11="K3",T22,0)+IF(K12="K3",U22,0)+IF(K13="K3",V22,0)+IF(K14="K3",W22,0)+IF(K15="K3",X22,0))/COUNTIF(K$6:K$15,"K3"),0),1E+99)) -> 5.0987693 | I50: =IF(K8<>"K1",IF(H50=(IFERROR((IF(K6="K1",O22,0)+IF(K7="K1",P22,0)+IF(K8="K1",Q22,0)+IF(K9="K1",R22,0)+IF(K10="K1",S22,0)+IF(K11="K1",T22,0)+IF(K12="K1",U22,0)+IF(K13="K1",V22,0)+IF(K14="K1",W22,0)+IF(K15="K1",X22,0))/COUNTIF(K$6:K$15,"K1"),0)),"K1",IF(H50=(IFERROR((IF(K6="K2",O22,0)+IF(K7="K2",P22,0)+IF(K8="K2",Q22,0)+IF(K9="K2",R22,0)+IF(K10="K2",S22,0)+IF(K11="K2",T22,0)+IF(K12="K2",U22,0)+IF(K13="K2",V22,0)+IF(K14="K2",W22,0)+IF(K15="K2",X22,0))/COUNTIF(K$6:K$15,"K2"),0)),"K2","K3")),IF(H50=(IFERROR((IF(K6="K2",O22,0)+IF(K7="K2",P22,0)+IF(K8="K2",Q22,0)+IF(K9="K2",R22,0)+IF(K10="K2",S22,0)+IF(K11="K2",T22,0)+IF(K12="K2",U22,0)+IF(K13="K2",V22,0)+IF(K14="K2",W22,0)+IF(K15="K2",X22,0))/COUNTIF(K$6:K$15,"K2"),0)),"K2","K3")) -> K2
B51: =B9 -> 4 | C51: =C9 -> Dian Pratiwi | D51: =K9 -> K3 | E51: =IF(K9="K1","—",IFERROR((IF(K6="K1",O23,0)+IF(K7="K1",P23,0)+IF(K8="K1",Q23,0)+IF(K9="K1",R23,0)+IF(K10="K1",S23,0)+IF(K11="K1",T23,0)+IF(K12="K1",U23,0)+IF(K13="K1",V23,0)+IF(K14="K1",W23,0)+IF(K15="K1",X23,0))/COUNTIF(K$6:K$15,"K1"),0)) -> 7.7755201 | F51: =IF(K9="K2","—",IFERROR((IF(K6="K2",O23,0)+IF(K7="K2",P23,0)+IF(K8="K2",Q23,0)+IF(K9="K2",R23,0)+IF(K10="K2",S23,0)+IF(K11="K2",T23,0)+IF(K12="K2",U23,0)+IF(K13="K2",V23,0)+IF(K14="K2",W23,0)+IF(K15="K2",X23,0))/COUNTIF(K$6:K$15,"K2"),0)) -> 4.0086271 | G51: =IF(K9="K3","—",IFERROR((IF(K6="K3",O23,0)+IF(K7="K3",P23,0)+IF(K8="K3",Q23,0)+IF(K9="K3",R23,0)+IF(K10="K3",S23,0)+IF(K11="K3",T23,0)+IF(K12="K3",U23,0)+IF(K13="K3",V23,0)+IF(K14="K3",W23,0)+IF(K15="K3",X23,0))/COUNTIF(K$6:K$15,"K3"),0)) -> — | H51: =MIN(IF(K9<>"K1",IFERROR((IF(K6="K1",O23,0)+IF(K7="K1",P23,0)+IF(K8="K1",Q23,0)+IF(K9="K1",R23,0)+IF(K10="K1",S23,0)+IF(K11="K1",T23,0)+IF(K12="K1",U23,0)+IF(K13="K1",V23,0)+IF(K14="K1",W23,0)+IF(K15="K1",X23,0))/COUNTIF(K$6:K$15,"K1"),0),1E+99),IF(K9<>"K2",IFERROR((IF(K6="K2",O23,0)+IF(K7="K2",P23,0)+IF(K8="K2",Q23,0)+IF(K9="K2",R23,0)+IF(K10="K2",S23,0)+IF(K11="K2",T23,0)+IF(K12="K2",U23,0)+IF(K13="K2",V23,0)+IF(K14="K2",W23,0)+IF(K15="K2",X23,0))/COUNTIF(K$6:K$15,"K2"),0),1E+99),IF(K9<>"K3",IFERROR((IF(K6="K3",O23,0)+IF(K7="K3",P23,0)+IF(K8="K3",Q23,0)+IF(K9="K3",R23,0)+IF(K10="K3",S23,0)+IF(K11="K3",T23,0)+IF(K12="K3",U23,0)+IF(K13="K3",V23,0)+IF(K14="K3",W23,0)+IF(K15="K3",X23,0))/COUNTIF(K$6:K$15,"K3"),0),1E+99)) -> 4.0086271 | I51: =IF(K9<>"K1",IF(H51=(IFERROR((IF(K6="K1",O23,0)+IF(K7="K1",P23,0)+IF(K8="K1",Q23,0)+IF(K9="K1",R23,0)+IF(K10="K1",S23,0)+IF(K11="K1",T23,0)+IF(K12="K1",U23,0)+IF(K13="K1",V23,0)+IF(K14="K1",W23,0)+IF(K15="K1",X23,0))/COUNTIF(K$6:K$15,"K1"),0)),"K1",IF(H51=(IFERROR((IF(K6="K2",O23,0)+IF(K7="K2",P23,0)+IF(K8="K2",Q23,0)+IF(K9="K2",R23,0)+IF(K10="K2",S23,0)+IF(K11="K2",T23,0)+IF(K12="K2",U23,0)+IF(K13="K2",V23,0)+IF(K14="K2",W23,0)+IF(K15="K2",X23,0))/COUNTIF(K$6:K$15,"K2"),0)),"K2","K3")),IF(H51=(IFERROR((IF(K6="K2",O23,0)+IF(K7="K2",P23,0)+IF(K8="K2",Q23,0)+IF(K9="K2",R23,0)+IF(K10="K2",S23,0)+IF(K11="K2",T23,0)+IF(K12="K2",U23,0)+IF(K13="K2",V23,0)+IF(K14="K2",W23,0)+IF(K15="K2",X23,0))/COUNTIF(K$6:K$15,"K2"),0)),"K2","K3")) -> K2
B52: =B10 -> 5 | C52: =C10 -> Eko Wahyudi | D52: =K10 -> K2 | E52: =IF(K10="K1","—",IFERROR((IF(K6="K1",O24,0)+IF(K7="K1",P24,0)+IF(K8="K1",Q24,0)+IF(K9="K1",R24,0)+IF(K10="K1",S24,0)+IF(K11="K1",T24,0)+IF(K12="K1",U24,0)+IF(K13="K1",V24,0)+IF(K14="K1",W24,0)+IF(K15="K1",X24,0))/COUNTIF(K$6:K$15,"K1"),0)) -> 3.4502966 | F52: =IF(K10="K2","—",IFERROR((IF(K6="K2",O24,0)+IF(K7="K2",P24,0)+IF(K8="K2",Q24,0)+IF(K9="K2",R24,0)+IF(K10="K2",S24,0)+IF(K11="K2",T24,0)+IF(K12="K2",U24,0)+IF(K13="K2",V24,0)+IF(K14="K2",W24,0)+IF(K15="K2",X24,0))/COUNTIF(K$6:K$15,"K2"),0)) -> — | G52: =IF(K10="K3","—",IFERROR((IF(K6="K3",O24,0)+IF(K7="K3",P24,0)+IF(K8="K3",Q24,0)+IF(K9="K3",R24,0)+IF(K10="K3",S24,0)+IF(K11="K3",T24,0)+IF(K12="K3",U24,0)+IF(K13="K3",V24,0)+IF(K14="K3",W24,0)+IF(K15="K3",X24,0))/COUNTIF(K$6:K$15,"K3"),0)) -> 6.6991302 | H52: =MIN(IF(K10<>"K1",IFERROR((IF(K6="K1",O24,0)+IF(K7="K1",P24,0)+IF(K8="K1",Q24,0)+IF(K9="K1",R24,0)+IF(K10="K1",S24,0)+IF(K11="K1",T24,0)+IF(K12="K1",U24,0)+IF(K13="K1",V24,0)+IF(K14="K1",W24,0)+IF(K15="K1",X24,0))/COUNTIF(K$6:K$15,"K1"),0),1E+99),IF(K10<>"K2",IFERROR((IF(K6="K2",O24,0)+IF(K7="K2",P24,0)+IF(K8="K2",Q24,0)+IF(K9="K2",R24,0)+IF(K10="K2",S24,0)+IF(K11="K2",T24,0)+IF(K12="K2",U24,0)+IF(K13="K2",V24,0)+IF(K14="K2",W24,0)+IF(K15="K2",X24,0))/COUNTIF(K$6:K$15,"K2"),0),1E+99),IF(K10<>"K3",IFERROR((IF(K6="K3",O24,0)+IF(K7="K3",P24,0)+IF(K8="K3",Q24,0)+IF(K9="K3",R24,0)+IF(K10="K3",S24,0)+IF(K11="K3",T24,0)+IF(K12="K3",U24,0)+IF(K13="K3",V24,0)+IF(K14="K3",W24,0)+IF(K15="K3",X24,0))/COUNTIF(K$6:K$15,"K3"),0),1E+99)) -> 3.4502966 | I52: =IF(K10<>"K1",IF(H52=(IFERROR((IF(K6="K1",O24,0)+IF(K7="K1",P24,0)+IF(K8="K1",Q24,0)+IF(K9="K1",R24,0)+IF(K10="K1",S24,0)+IF(K11="K1",T24,0)+IF(K12="K1",U24,0)+IF(K13="K1",V24,0)+IF(K14="K1",W24,0)+IF(K15="K1",X24,0))/COUNTIF(K$6:K$15,"K1"),0)),"K1",IF(H52=(IFERROR((IF(K6="K2",O24,0)+IF(K7="K2",P24,0)+IF(K8="K2",Q24,0)+IF(K9="K2",R24,0)+IF(K10="K2",S24,0)+IF(K11="K2",T24,0)+IF(K12="K2",U24,0)+IF(K13="K2",V24,0)+IF(K14="K2",W24,0)+IF(K15="K2",X24,0))/COUNTIF(K$6:K$15,"K2"),0)),"K2","K3")),IF(H52=(IFERROR((IF(K6="K2",O24,0)+IF(K7="K2",P24,0)+IF(K8="K2",Q24,0)+IF(K9="K2",R24,0)+IF(K10="K2",S24,0)+IF(K11="K2",T24,0)+IF(K12="K2",U24,0)+IF(K13="K2",V24,0)+IF(K14="K2",W24,0)+IF(K15="K2",X24,0))/COUNTIF(K$6:K$15,"K2"),0)),"K2","K3")) -> K1
B53: =B11 -> 6 | C53: =C11 -> Fitri Handayani | D53: =K11 -> K3 | E53: =IF(K11="K1","—",IFERROR((IF(K6="K1",O25,0)+IF(K7="K1",P25,0)+IF(K8="K1",Q25,0)+IF(K9="K1",R25,0)+IF(K10="K1",S25,0)+IF(K11="K1",T25,0)+IF(K12="K1",U25,0)+IF(K13="K1",V25,0)+IF(K14="K1",W25,0)+IF(K15="K1",X25,0))/COUNTIF(K$6:K$15,"K1"),0)) -> 10.801654 | F53: =IF(K11="K2","—",IFERROR((IF(K6="K2",O25,0)+IF(K7="K2",P25,0)+IF(K8="K2",Q25,0)+IF(K9="K2",R25,0)+IF(K10="K2",S25,0)+IF(K11="K2",T25,0)+IF(K12="K2",U25,0)+IF(K13="K2",V25,0)+IF(K14="K2",W25,0)+IF(K15="K2",X25,0))/COUNTIF(K$6:K$15,"K2"),0)) -> 6.8841029 | G53: =IF(K11="K3","—",IFERROR((IF(K6="K3",O25,0)+IF(K7="K3",P25,0)+IF(K8="K3",Q25,0)+IF(K9="K3",R25,0)+IF(K10="K3",S25,0)+IF(K11="K3",T25,0)+IF(K12="K3",U25,0)+IF(K13="K3",V25,0)+IF(K14="K3",W25,0)+IF(K15="K3",X25,0))/COUNTIF(K$6:K$15,"K3"),0)) -> — | H53: =MIN(IF(K11<>"K1",IFERROR((IF(K6="K1",O25,0)+IF(K7="K1",P25,0)+IF(K8="K1",Q25,0)+IF(K9="K1",R25,0)+IF(K10="K1",S25,0)+IF(K11="K1",T25,0)+IF(K12="K1",U25,0)+IF(K13="K1",V25,0)+IF(K14="K1",W25,0)+IF(K15="K1",X25,0))/COUNTIF(K$6:K$15,"K1"),0),1E+99),IF(K11<>"K2",IFERROR((IF(K6="K2",O25,0)+IF(K7="K2",P25,0)+IF(K8="K2",Q25,0)+IF(K9="K2",R25,0)+IF(K10="K2",S25,0)+IF(K11="K2",T25,0)+IF(K12="K2",U25,0)+IF(K13="K2",V25,0)+IF(K14="K2",W25,0)+IF(K15="K2",X25,0))/COUNTIF(K$6:K$15,"K2"),0),1E+99),IF(K11<>"K3",IFERROR((IF(K6="K3",O25,0)+IF(K7="K3",P25,0)+IF(K8="K3",Q25,0)+IF(K9="K3",R25,0)+IF(K10="K3",S25,0)+IF(K11="K3",T25,0)+IF(K12="K3",U25,0)+IF(K13="K3",V25,0)+IF(K14="K3",W25,0)+IF(K15="K3",X25,0))/COUNTIF(K$6:K$15,"K3"),0),1E+99)) -> 6.8841029 | I53: =IF(K11<>"K1",IF(H53=(IFERROR((IF(K6="K1",O25,0)+IF(K7="K1",P25,0)+IF(K8="K1",Q25,0)+IF(K9="K1",R25,0)+IF(K10="K1",S25,0)+IF(K11="K1",T25,0)+IF(K12="K1",U25,0)+IF(K13="K1",V25,0)+IF(K14="K1",W25,0)+IF(K15="K1",X25,0))/COUNTIF(K$6:K$15,"K1"),0)),"K1",IF(H53=(IFERROR((IF(K6="K2",O25,0)+IF(K7="K2",P25,0)+IF(K8="K2",Q25,0)+IF(K9="K2",R25,0)+IF(K10="K2",S25,0)+IF(K11="K2",T25,0)+IF(K12="K2",U25,0)+IF(K13="K2",V25,0)+IF(K14="K2",W25,0)+IF(K15="K2",X25,0))/COUNTIF(K$6:K$15,"K2"),0)),"K2","K3")),IF(H53=(IFERROR((IF(K6="K2",O25,0)+IF(K7="K2",P25,0)+IF(K8="K2",Q25,0)+IF(K9="K2",R25,0)+IF(K10="K2",S25,0)+IF(K11="K2",T25,0)+IF(K12="K2",U25,0)+IF(K13="K2",V25,0)+IF(K14="K2",W25,0)+IF(K15="K2",X25,0))/COUNTIF(K$6:K$15,"K2"),0)),"K2","K3")) -> K2
B54: =B12 -> 7 | C54: =C12 -> Galih Nugroho | D54: =K12 -> K1 | E54: =IF(K12="K1","—",IFERROR((IF(K6="K1",O26,0)+IF(K7="K1",P26,0)+IF(K8="K1",Q26,0)+IF(K9="K1",R26,0)+IF(K10="K1",S26,0)+IF(K11="K1",T26,0)+IF(K12="K1",U26,0)+IF(K13="K1",V26,0)+IF(K14="K1",W26,0)+IF(K15="K1",X26,0))/COUNTIF(K$6:K$15,"K1"),0)) -> — | F54: =IF(K12="K2","—",IFERROR((IF(K6="K2",O26,0)+IF(K7="K2",P26,0)+IF(K8="K2",Q26,0)+IF(K9="K2",R26,0)+IF(K10="K2",S26,0)+IF(K11="K2",T26,0)+IF(K12="K2",U26,0)+IF(K13="K2",V26,0)+IF(K14="K2",W26,0)+IF(K15="K2",X26,0))/COUNTIF(K$6:K$15,"K2"),0)) -> 4.7734321 | G54: =IF(K12="K3","—",IFERROR((IF(K6="K3",O26,0)+IF(K7="K3",P26,0)+IF(K8="K3",Q26,0)+IF(K9="K3",R26,0)+IF(K10="K3",S26,0)+IF(K11="K3",T26,0)+IF(K12="K3",U26,0)+IF(K13="K3",V26,0)+IF(K14="K3",W26,0)+IF(K15="K3",X26,0))/COUNTIF(K$6:K$15,"K3"),0)) -> 9.6328751 | H54: =MIN(IF(K12<>"K1",IFERROR((IF(K6="K1",O26,0)+IF(K7="K1",P26,0)+IF(K8="K1",Q26,0)+IF(K9="K1",R26,0)+IF(K10="K1",S26,0)+IF(K11="K1",T26,0)+IF(K12="K1",U26,0)+IF(K13="K1",V26,0)+IF(K14="K1",W26,0)+IF(K15="K1",X26,0))/COUNTIF(K$6:K$15,"K1"),0),1E+99),IF(K12<>"K2",IFERROR((IF(K6="K2",O26,0)+IF(K7="K2",P26,0)+IF(K8="K2",Q26,0)+IF(K9="K2",R26,0)+IF(K10="K2",S26,0)+IF(K11="K2",T26,0)+IF(K12="K2",U26,0)+IF(K13="K2",V26,0)+IF(K14="K2",W26,0)+IF(K15="K2",X26,0))/COUNTIF(K$6:K$15,"K2"),0),1E+99),IF(K12<>"K3",IFERROR((IF(K6="K3",O26,0)+IF(K7="K3",P26,0)+IF(K8="K3",Q26,0)+IF(K9="K3",R26,0)+IF(K10="K3",S26,0)+IF(K11="K3",T26,0)+IF(K12="K3",U26,0)+IF(K13="K3",V26,0)+IF(K14="K3",W26,0)+IF(K15="K3",X26,0))/COUNTIF(K$6:K$15,"K3"),0),1E+99)) -> 4.7734321 | I54: =IF(K12<>"K1",IF(H54=(IFERROR((IF(K6="K1",O26,0)+IF(K7="K1",P26,0)+IF(K8="K1",Q26,0)+IF(K9="K1",R26,0)+IF(K10="K1",S26,0)+IF(K11="K1",T26,0)+IF(K12="K1",U26,0)+IF(K13="K1",V26,0)+IF(K14="K1",W26,0)+IF(K15="K1",X26,0))/COUNTIF(K$6:K$15,"K1"),0)),"K1",IF(H54=(IFERROR((IF(K6="K2",O26,0)+IF(K7="K2",P26,0)+IF(K8="K2",Q26,0)+IF(K9="K2",R26,0)+IF(K10="K2",S26,0)+IF(K11="K2",T26,0)+IF(K12="K2",U26,0)+IF(K13="K2",V26,0)+IF(K14="K2",W26,0)+IF(K15="K2",X26,0))/COUNTIF(K$6:K$15,"K2"),0)),"K2","K3")),IF(H54=(IFERROR((IF(K6="K2",O26,0)+IF(K7="K2",P26,0)+IF(K8="K2",Q26,0)+IF(K9="K2",R26,0)+IF(K10="K2",S26,0)+IF(K11="K2",T26,0)+IF(K12="K2",U26,0)+IF(K13="K2",V26,0)+IF(K14="K2",W26,0)+IF(K15="K2",X26,0))/COUNTIF(K$6:K$15,"K2"),0)),"K2","K3")) -> K2
B55: =B13 -> 8 | C55: =C13 -> Hana Putri | D55: =K13 -> K2 | E55: =IF(K13="K1","—",IFERROR((IF(K6="K1",O27,0)+IF(K7="K1",P27,0)+IF(K8="K1",Q27,0)+IF(K9="K1",R27,0)+IF(K10="K1",S27,0)+IF(K11="K1",T27,0)+IF(K12="K1",U27,0)+IF(K13="K1",V27,0)+IF(K14="K1",W27,0)+IF(K15="K1",X27,0))/COUNTIF(K$6:K$15,"K1"),0)) -> 5.6057678 | F55: =IF(K13="K2","—",IFERROR((IF(K6="K2",O27,0)+IF(K7="K2",P27,0)+IF(K8="K2",Q27,0)+IF(K9="K2",R27,0)+IF(K10="K2",S27,0)+IF(K11="K2",T27,0)+IF(K12="K2",U27,0)+IF(K13="K2",V27,0)+IF(K14="K2",W27,0)+IF(K15="K2",X27,0))/COUNTIF(K$6:K$15,"K2"),0)) -> — | G55: =IF(K13="K3","—",IFERROR((IF(K6="K3",O27,0)+IF(K7="K3",P27,0)+IF(K8="K3",Q27,0)+IF(K9="K3",R27,0)+IF(K10="K3",S27,0)+IF(K11="K3",T27,0)+IF(K12="K3",U27,0)+IF(K13="K3",V27,0)+IF(K14="K3",W27,0)+IF(K15="K3",X27,0))/COUNTIF(K$6:K$15,"K3"),0)) -> 4.2214982 | H55: =MIN(IF(K13<>"K1",IFERROR((IF(K6="K1",O27,0)+IF(K7="K1",P27,0)+IF(K8="K1",Q27,0)+IF(K9="K1",R27,0)+IF(K10="K1",S27,0)+IF(K11="K1",T27,0)+IF(K12="K1",U27,0)+IF(K13="K1",V27,0)+IF(K14="K1",W27,0)+IF(K15="K1",X27,0))/COUNTIF(K$6:K$15,"K1"),0),1E+99),IF(K13<>"K2",IFERROR((IF(K6="K2",O27,0)+IF(K7="K2",P27,0)+IF(K8="K2",Q27,0)+IF(K9="K2",R27,0)+IF(K10="K2",S27,0)+IF(K11="K2",T27,0)+IF(K12="K2",U27,0)+IF(K13="K2",V27,0)+IF(K14="K2",W27,0)+IF(K15="K2",X27,0))/COUNTIF(K$6:K$15,"K2"),0),1E+99),IF(K13<>"K3",IFERROR((IF(K6="K3",O27,0)+IF(K7="K3",P27,0)+IF(K8="K3",Q27,0)+IF(K9="K3",R27,0)+IF(K10="K3",S27,0)+IF(K11="K3",T27,0)+IF(K12="K3",U27,0)+IF(K13="K3",V27,0)+IF(K14="K3",W27,0)+IF(K15="K3",X27,0))/COUNTIF(K$6:K$15,"K3"),0),1E+99)) -> 4.2214982 | I55: =IF(K13<>"K1",IF(H55=(IFERROR((IF(K6="K1",O27,0)+IF(K7="K1",P27,0)+IF(K8="K1",Q27,0)+IF(K9="K1",R27,0)+IF(K10="K1",S27,0)+IF(K11="K1",T27,0)+IF(K12="K1",U27,0)+IF(K13="K1",V27,0)+IF(K14="K1",W27,0)+IF(K15="K1",X27,0))/COUNTIF(K$6:K$15,"K1"),0)),"K1",IF(H55=(IFERROR((IF(K6="K2",O27,0)+IF(K7="K2",P27,0)+IF(K8="K2",Q27,0)+IF(K9="K2",R27,0)+IF(K10="K2",S27,0)+IF(K11="K2",T27,0)+IF(K12="K2",U27,0)+IF(K13="K2",V27,0)+IF(K14="K2",W27,0)+IF(K15="K2",X27,0))/COUNTIF(K$6:K$15,"K2"),0)),"K2","K3")),IF(H55=(IFERROR((IF(K6="K2",O27,0)+IF(K7="K2",P27,0)+IF(K8="K2",Q27,0)+IF(K9="K2",R27,0)+IF(K10="K2",S27,0)+IF(K11="K2",T27,0)+IF(K12="K2",U27,0)+IF(K13="K2",V27,0)+IF(K14="K2",W27,0)+IF(K15="K2",X27,0))/COUNTIF(K$6:K$15,"K2"),0)),"K2","K3")) -> K3
B56: =B14 -> 9 | C56: =C14 -> Indra Kusuma | D56: =K14 -> K1 | E56: =IF(K14="K1","—",IFERROR((IF(K6="K1",O28,0)+IF(K7="K1",P28,0)+IF(K8="K1",Q28,0)+IF(K9="K1",R28,0)+IF(K10="K1",S28,0)+IF(K11="K1",T28,0)+IF(K12="K1",U28,0)+IF(K13="K1",V28,0)+IF(K14="K1",W28,0)+IF(K15="K1",X28,0))/COUNTIF(K$6:K$15,"K1"),0)) -> — | F56: =IF(K14="K2","—",IFERROR((IF(K6="K2",O28,0)+IF(K7="K2",P28,0)+IF(K8="K2",Q28,0)+IF(K9="K2",R28,0)+IF(K10="K2",S28,0)+IF(K11="K2",T28,0)+IF(K12="K2",U28,0)+IF(K13="K2",V28,0)+IF(K14="K2",W28,0)+IF(K15="K2",X28,0))/COUNTIF(K$6:K$15,"K2"),0)) -> 4.3284271 | G56: =IF(K14="K3","—",IFERROR((IF(K6="K3",O28,0)+IF(K7="K3",P28,0)+IF(K8="K3",Q28,0)+IF(K9="K3",R28,0)+IF(K10="K3",S28,0)+IF(K11="K3",T28,0)+IF(K12="K3",U28,0)+IF(K13="K3",V28,0)+IF(K14="K3",W28,0)+IF(K15="K3",X28,0))/COUNTIF(K$6:K$15,"K3"),0)) -> 9.2634126 | H56: =MIN(IF(K14<>"K1",IFERROR((IF(K6="K1",O28,0)+IF(K7="K1",P28,0)+IF(K8="K1",Q28,0)+IF(K9="K1",R28,0)+IF(K10="K1",S28,0)+IF(K11="K1",T28,0)+IF(K12="K1",U28,0)+IF(K13="K1",V28,0)+IF(K14="K1",W28,0)+IF(K15="K1",X28,0))/COUNTIF(K$6:K$15,"K1"),0),1E+99),IF(K14<>"K2",IFERROR((IF(K6="K2",O28,0)+IF(K7="K2",P28,0)+IF(K8="K2",Q28,0)+IF(K9="K2",R28,0)+IF(K10="K2",S28,0)+IF(K11="K2",T28,0)+IF(K12="K2",U28,0)+IF(K13="K2",V28,0)+IF(K14="K2",W28,0)+IF(K15="K2",X28,0))/COUNTIF(K$6:K$15,"K2"),0),1E+99),IF(K14<>"K3",IFERROR((IF(K6="K3",O28,0)+IF(K7="K3",P28,0)+IF(K8="K3",Q28,0)+IF(K9="K3",R28,0)+IF(K10="K3",S28,0)+IF(K11="K3",T28,0)+IF(K12="K3",U28,0)+IF(K13="K3",V28,0)+IF(K14="K3",W28,0)+IF(K15="K3",X28,0))/COUNTIF(K$6:K$15,"K3"),0),1E+99)) -> 4.3284271 | I56: =IF(K14<>"K1",IF(H56=(IFERROR((IF(K6="K1",O28,0)+IF(K7="K1",P28,0)+IF(K8="K1",Q28,0)+IF(K9="K1",R28,0)+IF(K10="K1",S28,0)+IF(K11="K1",T28,0)+IF(K12="K1",U28,0)+IF(K13="K1",V28,0)+IF(K14="K1",W28,0)+IF(K15="K1",X28,0))/COUNTIF(K$6:K$15,"K1"),0)),"K1",IF(H56=(IFERROR((IF(K6="K2",O28,0)+IF(K7="K2",P28,0)+IF(K8="K2",Q28,0)+IF(K9="K2",R28,0)+IF(K10="K2",S28,0)+IF(K11="K2",T28,0)+IF(K12="K2",U28,0)+IF(K13="K2",V28,0)+IF(K14="K2",W28,0)+IF(K15="K2",X28,0))/COUNTIF(K$6:K$15,"K2"),0)),"K2","K3")),IF(H56=(IFERROR((IF(K6="K2",O28,0)+IF(K7="K2",P28,0)+IF(K8="K2",Q28,0)+IF(K9="K2",R28,0)+IF(K10="K2",S28,0)+IF(K11="K2",T28,0)+IF(K12="K2",U28,0)+IF(K13="K2",V28,0)+IF(K14="K2",W28,0)+IF(K15="K2",X28,0))/COUNTIF(K$6:K$15,"K2"),0)),"K2","K3")) -> K2
B57: =B15 -> 10 | C57: =C15 -> Joko Purnomo | D57: =K15 -> K3 | E57: =IF(K15="K1","—",IFERROR((IF(K6="K1",O29,0)+IF(K7="K1",P29,0)+IF(K8="K1",Q29,0)+IF(K9="K1",R29,0)+IF(K10="K1",S29,0)+IF(K11="K1",T29,0)+IF(K12="K1",U29,0)+IF(K13="K1",V29,0)+IF(K14="K1",W29,0)+IF(K15="K1",X29,0))/COUNTIF(K$6:K$15,"K1"),0)) -> 10.366581 | F57: =IF(K15="K2","—",IFERROR((IF(K6="K2",O29,0)+IF(K7="K2",P29,0)+IF(K8="K2",Q29,0)+IF(K9="K2",R29,0)+IF(K10="K2",S29,0)+IF(K11="K2",T29,0)+IF(K12="K2",U29,0)+IF(K13="K2",V29,0)+IF(K14="K2",W29,0)+IF(K15="K2",X29,0))/COUNTIF(K$6:K$15,"K2"),0)) -> 6.5 | G57: =IF(K15="K3","—",IFERROR((IF(K6="K3",O29,0)+IF(K7="K3",P29,0)+IF(K8="K3",Q29,0)+IF(K9="K3",R29,0)+IF(K10="K3",S29,0)+IF(K11="K3",T29,0)+IF(K12="K3",U29,0)+IF(K13="K3",V29,0)+IF(K14="K3",W29,0)+IF(K15="K3",X29,0))/COUNTIF(K$6:K$15,"K3"),0)) -> — | H57: =MIN(IF(K15<>"K1",IFERROR((IF(K6="K1",O29,0)+IF(K7="K1",P29,0)+IF(K8="K1",Q29,0)+IF(K9="K1",R29,0)+IF(K10="K1",S29,0)+IF(K11="K1",T29,0)+IF(K12="K1",U29,0)+IF(K13="K1",V29,0)+IF(K14="K1",W29,0)+IF(K15="K1",X29,0))/COUNTIF(K$6:K$15,"K1"),0),1E+99),IF(K15<>"K2",IFERROR((IF(K6="K2",O29,0)+IF(K7="K2",P29,0)+IF(K8="K2",Q29,0)+IF(K9="K2",R29,0)+IF(K10="K2",S29,0)+IF(K11="K2",T29,0)+IF(K12="K2",U29,0)+IF(K13="K2",V29,0)+IF(K14="K2",W29,0)+IF(K15="K2",X29,0))/COUNTIF(K$6:K$15,"K2"),0),1E+99),IF(K15<>"K3",IFERROR((IF(K6="K3",O29,0)+IF(K7="K3",P29,0)+IF(K8="K3",Q29,0)+IF(K9="K3",R29,0)+IF(K10="K3",S29,0)+IF(K11="K3",T29,0)+IF(K12="K3",U29,0)+IF(K13="K3",V29,0)+IF(K14="K3",W29,0)+IF(K15="K3",X29,0))/COUNTIF(K$6:K$15,"K3"),0),1E+99)) -> 6.5 | I57: =IF(K15<>"K1",IF(H57=(IFERROR((IF(K6="K1",O29,0)+IF(K7="K1",P29,0)+IF(K8="K1",Q29,0)+IF(K9="K1",R29,0)+IF(K10="K1",S29,0)+IF(K11="K1",T29,0)+IF(K12="K1",U29,0)+IF(K13="K1",V29,0)+IF(K14="K1",W29,0)+IF(K15="K1",X29,0))/COUNTIF(K$6:K$15,"K1"),0)),"K1",IF(H57=(IFERROR((IF(K6="K2",O29,0)+IF(K7="K2",P29,0)+IF(K8="K2",Q29,0)+IF(K9="K2",R29,0)+IF(K10="K2",S29,0)+IF(K11="K2",T29,0)+IF(K12="K2",U29,0)+IF(K13="K2",V29,0)+IF(K14="K2",W29,0)+IF(K15="K2",X29,0))/COUNTIF(K$6:K$15,"K2"),0)),"K2","K3")),IF(H57=(IFERROR((IF(K6="K2",O29,0)+IF(K7="K2",P29,0)+IF(K8="K2",Q29,0)+IF(K9="K2",R29,0)+IF(K10="K2",S29,0)+IF(K11="K2",T29,0)+IF(K12="K2",U29,0)+IF(K13="K2",V29,0)+IF(K14="K2",W29,0)+IF(K15="K2",X29,0))/COUNTIF(K$6:K$15,"K2"),0)),"K2","K3")) -> K2
B60: E. s(i) PER PERAWAT DAN SILHOUETTE SCORE AKHIR | s(i) = (b(i) − a(i)) / MAX(a(i), b(i))
B61: No | C61: Nama | D61: Klaster | E61: a(i) kohesi | F61: b(i) separasi | G61: b−a | H61: MAX(a,b) | I61: s(i) | J61: Kualitas klaster
B62: =B6 -> 1 | C62: =C6 -> Andi Setiawan | D62: =K6 -> K1 | E62: =G34 -> 2.942809 | F62: =H48 -> 3.9115003 | G62: =F62-E62 -> 0.96869124 | H62: =MAX(E62,F62) -> 3.9115003 | I62: =IFERROR((F62-E62)/MAX(E62,F62),0) -> 0.24765209 | J62: =IF(I62>0.7,"Sangat baik",IF(I62>0.5,"Baik",IF(I62>0.25,"Struktur lemah","Salah klaster"))) -> Salah klaster
B63: =B7 -> 2 | C63: =C7 -> Budi Santoso | D63: =K7 -> K3 | E63: =G35 -> 2.9185347 | F63: =H49 -> 4.4485269 | G63: =F63-E63 -> 1.5299922 | H63: =MAX(E63,F63) -> 4.4485269 | I63: =IFERROR((F63-E63)/MAX(E63,F63),0) -> 0.34393232 | J63: =IF(I63>0.7,"Sangat baik",IF(I63>0.5,"Baik",IF(I63>0.25,"Struktur lemah","Salah klaster"))) -> Struktur lemah
B64: =B8 -> 3 | C64: =C8 -> Citra Dewi | D64: =K8 -> K1 | E64: =G36 -> 2.4120227 | F64: =H50 -> 5.0987693 | G64: =F64-E64 -> 2.6867467 | H64: =MAX(E64,F64) -> 5.0987693 | I64: =IFERROR((F64-E64)/MAX(E64,F64),0) -> 0.52694023 | J64: =IF(I64>0.7,"Sangat baik",IF(I64>0.5,"Baik",IF(I64>0.25,"Struktur lemah","Salah klaster"))) -> Baik
B65: =B9 -> 4 | C65: =C9 -> Dian Pratiwi | D65: =K9 -> K3 | E65: =G37 -> 3.0971675 | F65: =H51 -> 4.0086271 | G65: =F65-E65 -> 0.91145951 | H65: =MAX(E65,F65) -> 4.0086271 | I65: =IFERROR((F65-E65)/MAX(E65,F65),0) -> 0.22737449 | J65: =IF(I65>0.7,"Sangat baik",IF(I65>0.5,"Baik",IF(I65>0.25,"Struktur lemah","Salah klaster"))) -> Salah klaster
B66: =B10 -> 5 | C66: =C10 -> Eko Wahyudi | D66: =K10 -> K2 | E66: =G38 -> 3.6055513 | F66: =H52 -> 3.4502966 | G66: =F66-E66 -> -0.15525463 | H66: =MAX(E66,F66) -> 3.6055513 | I66: =IFERROR((F66-E66)/MAX(E66,F66),0) -> -0.043059887 | J66: =IF(I66>0.7,"Sangat baik",IF(I66>0.5,"Baik",IF(I66>0.25,"Struktur lemah","Salah klaster"))) -> Salah klaster
B67: =B11 -> 6 | C67: =C11 -> Fitri Handayani | D67: =K11 -> K3 | E67: =G39 -> 3.0971675 | F67: =H53 -> 6.8841029 | G67: =F67-E67 -> 3.7869354 | H67: =MAX(E67,F67) -> 6.8841029 | I67: =IFERROR((F67-E67)/MAX(E67,F67),0) -> 0.5500986 | J67: =IF(I67>0.7,"Sangat baik",IF(I67>0.5,"Baik",IF(I67>0.25,"Struktur lemah","Salah klaster"))) -> Baik
B68: =B12 -> 7 | C68: =C12 -> Galih Nugroho | D68: =K12 -> K1 | E68: =G40 -> 2.433521 | F68: =H54 -> 4.7734321 | G68: =F68-E68 -> 2.339911 | H68: =MAX(E68,F68) -> 4.7734321 | I68: =IFERROR((F68-E68)/MAX(E68,F68),0) -> 0.49019469 | J68: =IF(I68>0.7,"Sangat baik",IF(I68>0.5,"Baik",IF(I68>0.25,"Struktur lemah","Salah klaster"))) -> Struktur lemah
B69: =B13 -> 8 | C69: =C13 -> Hana Putri | D69: =K13 -> K2 | E69: =G41 -> 3.6055513 | F69: =H55 -> 4.2214982 | G69: =F69-E69 -> 0.61594695 | H69: =MAX(E69,F69) -> 4.2214982 | I69: =IFERROR((F69-E69)/MAX(E69,F69),0) -> 0.14590719 | J69: =IF(I69>0.7,"Sangat baik",IF(I69>0.5,"Baik",IF(I69>0.25,"Struktur lemah","Salah klaster"))) -> Salah klaster
B70: =B14 -> 9 | C70: =C14 -> Indra Kusuma | D70: =K14 -> K1 | E70: =G42 -> 2.4120227 | F70: =H56 -> 4.3284271 | G70: =F70-E70 -> 1.9164045 | H70: =MAX(E70,F70) -> 4.3284271 | I70: =IFERROR((F70-E70)/MAX(E70,F70),0) -> 0.44274847 | J70: =IF(I70>0.7,"Sangat baik",IF(I70>0.5,"Baik",IF(I70>0.25,"Struktur lemah","Salah klaster"))) -> Struktur lemah
B71: =B15 -> 10 | C71: =C15 -> Joko Purnomo | D71: =K15 -> K3 | E71: =G43 -> 2.9185347 | F71: =H57 -> 6.5 | G71: =F71-E71 -> 3.5814653 | H71: =MAX(E71,F71) -> 6.5 | I71: =IFERROR((F71-E71)/MAX(E71,F71),0) -> 0.55099465 | J71: =IF(I71>0.7,"Sangat baik",IF(I71>0.5,"Baik",IF(I71>0.25,"Struktur lemah","Salah klaster"))) -> Baik
B73: SILHOUETTE SCORE RATA-RATA S = (1/10) × Σ s(i) | I73: =AVERAGE(I62:I71) -> 0.34827828 | J73: =IF(I73>=0.7,"✔ SANGAT VALID (S ≥ 0.7)",IF(I73>=0.5,"✔ VALID (S ≥ 0.5)",IF(I73>=0.25,"⚠ STRUKTUR LEMAH","✖ TIDAK VALID"))) -> ⚠ STRUKTUR LEMAH

Sheet TAHAP 2 – AHP
B1: TAHAP 2: PEMBOBOTAN KRITERIA – ANALYTICAL HIERARCHY PROCESS (AHP)
B2: Pairwise Matrix = Input Pakar | Normalisasi & CR = Formula Excel
B4: A. MATRIKS PERBANDINGAN BERPASANGAN — Input Pakar (Skala 1–9 Saaty)
B5: Kriteria / Kriteria | C5: C1: Komp. Klinis | D5: C2: Profesionalisme | E5: C3: Kolaborasi Tim | F5: C4: Orientasi Hasil | G5: C5: Keselamatan | H5: C6: Mgmt Waktu | I5: C7: Komunikasi
B6: C1: Komp. Klinis | C6: 1 | D6: 3 | E6: 5 | F6: 7 | G6: 5 | H6: 7 | I6: 9
B7: C2: Profesionalisme | C7: =1/D6 -> 0.33333333 | D7: 1 | E7: 3 | F7: 5 | G7: 3 | H7: 5 | I7: 7
B8: C3: Kolaborasi Tim | C8: =1/E6 -> 0.2 | D8: =1/E7 -> 0.33333333 | E8: 1 | F8: 3 | G8: 1 | H8: 3 | I8: 5
B9: C4: Orientasi Hasil | C9: =1/F6 -> 0.14285714 | D9: =1/F7 -> 0.2 | E9: =1/F8 -> 0.33333333 | F9: 1 | G9: 0.33333333 | H9: 1 | I9: 3
B10: C5: Keselamatan | C10: =1/G6 -> 0.2 | D10: =1/G7 -> 0.33333333 | E10: =1/G8 -> 1 | F10: =1/G9 -> 3 | G10: 1 | H10: 3 | I10: 5
B11: C6: Mgmt Waktu | C11: =1/H6 -> 0.14285714 | D11: =1/H7 -> 0.2 | E11: =1/H8 -> 0.33333333 | F11: =1/H9 -> 1 | G11: =1/H10 -> 0.33333333 | H11: 1 | I11: 3
B12: C7: Komunikasi | C12: =1/I6 -> 0.11111111 | D12: =1/I7 -> 0.14285714 | E12: =1/I8 -> 0.2 | F12: =1/I9 -> 0.33333333 | G12: =1/I10 -> 0.2 | H12: =1/I11 -> 0.33333333 | I12: 1
B13: JUMLAH KOLOM | C13: =SUM(C6:C12) -> 2.1301587 | D13: =SUM(D6:D12) -> 5.2095238 | E13: =SUM(E6:E12) -> 10.866667 | F13: =SUM(F6:F12) -> 20.333333 | G13: =SUM(G6:G12) -> 10.866667 | H13: =SUM(H6:H12) -> 20.333333 | I13: =SUM(I6:I12) -> 33
B15: B. MATRIKS NORMALISASI (rij = xij / jumlah kolom-j) & BOBOT PRIORITAS
B16: Kriteria | C16: C1: Komp. Klinis | D16: C2: Profesionalisme | E16: C3: Kolaborasi Tim | F16: C4: Orientasi Hasil | G16: C5: Keselamatan | H16: C6: Mgmt Waktu | I16: C7: Komunikasi | J16: Bobot (W)
B17: C1: Komp. Klinis | C17: =C6/C13 -> 0.46944858 | D17: =D6/D13 -> 0.57586837 | E17: =E6/E13 -> 0.4601227 | F17: =F6/F13 -> 0.3442623 | G17: =G6/G13 -> 0.4601227 | H17: =H6/H13 -> 0.3442623 | I17: =I6/I13 -> 0.27272727 | J17: =AVERAGE(C17:I17) -> 0.41811632 | P17: =C6/C13 -> 0.46944858 | Q17: =D6/D13 -> 0.57586837 | R17: =E6/E13 -> 0.4601227 | S17: =F6/F13 -> 0.3442623 | T17: =G6/G13 -> 0.4601227 | U17: =H6/H13 -> 0.3442623 | V17: =I6/I13 -> 0.27272727
B18: C2: Profesionalisme | C18: =C7/C13 -> 0.15648286 | D18: =D7/D13 -> 0.19195612 | E18: =E7/E13 -> 0.27607362 | F18: =F7/F13 -> 0.24590164 | G18: =G7/G13 -> 0.27607362 | H18: =H7/H13 -> 0.24590164 | I18: =I7/I13 -> 0.21212121 | J18: =AVERAGE(C18:I18) -> 0.22921582 | P18: =C7/C13 -> 0.15648286 | Q18: =D7/D13 -> 0.19195612 | R18: =E7/E13 -> 0.27607362 | S18: =F7/F13 -> 0.24590164 | T18: =G7/G13 -> 0.27607362 | U18: =H7/H13 -> 0.24590164 | V18: =I7/I13 -> 0.21212121
B19: C3: Kolaborasi Tim | C19: =C8/C13 -> 0.093889717 | D19: =D8/D13 -> 0.063985375 | E19: =E8/E13 -> 0.09202454 | F19: =F8/F13 -> 0.14754098 | G19: =G8/G13 -> 0.09202454 | H19: =H8/H13 -> 0.14754098 | I19: =I8/I13 -> 0.15151515 | J19: =AVERAGE(C19:I19) -> 0.1126459 | P19: =C8/C13 -> 0.093889717 | Q19: =D8/D13 -> 0.063985375 | R19: =E8/E13 -> 0.09202454 | S19: =F8/F13 -> 0.14754098 | T19: =G8/G13 -> 0.09202454 | U19: =H8/H13 -> 0.14754098 | V19: =I8/I13 -> 0.15151515
B20: C4: Orientasi Hasil | C20: =C9/C13 -> 0.067064083 | D20: =D9/D13 -> 0.038391225 | E20: =E9/E13 -> 0.030674847 | F20: =F9/F13 -> 0.049180328 | G20: =G9/G13 -> 0.030674847 | H20: =H9/H13 -> 0.049180328 | I20: =I9/I13 -> 0.090909091 | J20: =AVERAGE(C20:I20) -> 0.050867821 | P20: =C9/C13 -> 0.067064083 | Q20: =D9/D13 -> 0.038391225 | R20: =E9/E13 -> 0.030674847 | S20: =F9/F13 -> 0.049180328 | T20: =G9/G13 -> 0.030674847 | U20: =H9/H13 -> 0.049180328 | V20: =I9/I13 -> 0.090909091
B21: C5: Keselamatan | C21: =C10/C13 -> 0.093889717 | D21: =D10/D13 -> 0.063985375 | E21: =E10/E13 -> 0.09202454 | F21: =F10/F13 -> 0.14754098 | G21: =G10/G13 -> 0.09202454 | H21: =H10/H13 -> 0.14754098 | I21: =I10/I13 -> 0.15151515 | J21: =AVERAGE(C21:I21) -> 0.1126459 | P21: =C10/C13 -> 0.093889717 | Q21: =D10/D13 -> 0.063985375 | R21: =E10/E13 -> 0.09202454 | S21: =F10/F13 -> 0.14754098 | T21: =G10/G13 -> 0.09202454 | U21: =H10/H13 -> 0.14754098 | V21: =I10/I13 -> 0.15151515
B22: C6: Mgmt Waktu | C22: =C11/C13 -> 0.067064083 | D22: =D11/D13 -> 0.038391225 | E22: =E11/E13 -> 0.030674847 | F22: =F11/F13 -> 0.049180328 | G22: =G11/G13 -> 0.030674847 | H22: =H11/H13 -> 0.049180328 | I22: =I11/I13 -> 0.090909091 | J22: =AVERAGE(C22:I22) -> 0.050867821 | P22: =C11/C13 -> 0.067064083 | Q22: =D11/D13 -> 0.038391225 | R22: =E11/E13 -> 0.030674847 | S22: =F11/F13 -> 0.049180328 | T22: =G11/G13 -> 0.030674847 | U22: =H11/H13 -> 0.049180328 | V22: =I11/I13 -> 0.090909091
B23: C7: Komunikasi | C23: =C12/C13 -> 0.052160954 | D23: =D12/D13 -> 0.027422303 | E23: =E12/E13 -> 0.018404908 | F23: =F12/F13 -> 0.016393443 | G23: =G12/G13 -> 0.018404908 | H23: =H12/H13 -> 0.016393443 | I23: =I12/I13 -> 0.03030303 | J23: =AVERAGE(C23:I23) -> 0.025640427 | P23: =C12/C13 -> 0.052160954 | Q23: =D12/D13 -> 0.027422303 | R23: =E12/E13 -> 0.018404908 | S23: =F12/F13 -> 0.016393443 | T23: =G12/G13 -> 0.018404908 | U23: =H12/H13 -> 0.016393443 | V23: =I12/I13 -> 0.03030303
B25: C. UJI KONSISTENSI (Consistency Ratio — CR < 0.1)
B26: Weighted Sum Vector (WSV) | C26: =C6*J17+D6*J18+E6*J19+F6*J20+G6*J21+H6*J22+I6*J23 -> 3.1751361 | D26: =C7*J17+D7*J18+E7*J19+F7*J20+G7*J21+H7*J22+I7*J23 -> 1.7326245 | E26: =C8*J17+D8*J18+E8*J19+F8*J20+G8*J21+H8*J22+I8*J23 -> 0.81872939 | F26: =C9*J17+D9*J18+E9*J19+F9*J20+G9*J21+H9*J22+I9*J23 -> 0.35932825 | G26: =C10*J17+D10*J18+E10*J19+F10*J20+G10*J21+H10*J22+I10*J23 -> 0.81872939 | H26: =C11*J17+D11*J18+E11*J19+F11*J20+G11*J21+H11*J22+I11*J23 -> 0.35932825 | I26: =C12*J17+D12*J18+E12*J19+F12*J20+G12*J21+H12*J22+I12*J23 -> 0.18381315
B27: Lambda Vector (λi = WSV / Wi) | C27: =C26/J17 -> 7.5939062 | D27: =D26/J18 -> 7.5589222 | E27: =E26/J19 -> 7.2681687 | F27: =F26/J20 -> 7.06396 | G27: =G26/J21 -> 7.2681687 | H27: =H26/J22 -> 7.06396 | I27: =I26/J23 -> 7.1688803
B28: n (Jumlah Kriteria) | C28: 7
B29: λmax = AVERAGE(λi) | C29: =AVERAGE(C27:I27) -> 7.2837094
B30: CI = (λmax − n) / (n−1) | C30: =(C29-C28)/(C28-1) -> 0.047284907
B31: RI (n=7, tabel Saaty) | C31: 1.32
B32: CR = CI / RI | C32: =C30/C31 -> 0.0358219
B33: Status Konsistensi | C33: =IF(C32<0.1,"✔ KONSISTEN (CR < 0.1)","✘ TIDAK KONSISTEN") -> ✔ KONSISTEN (CR < 0.1)

Sheet TAHAP 3 – WP
B1: TAHAP 3: AGREGASI NILAI KINERJA — WEIGHTED PRODUCT (WP)
B2: Formula: Si = ∏(Xij ^ Wj) | Bobot diambil dari Sheet AHP (formula referencing)
B4: A. BOBOT KRITERIA (Referensi dari Sheet TAHAP 2 – AHP)
B5: Kriteria/Perawat | C5: C1 | D5: C2 | E5: C3 | F5: C4 | G5: C5 | H5: C6 | I5: C7 | J5: WP Score (Si) | K5: Rank WP | L5: Klaster
B6: Bobot (W) | C6: ='TAHAP 2 – AHP'!J17 -> 0.41811632 | D6: ='TAHAP 2 – AHP'!J18 -> 0.22921582 | E6: ='TAHAP 2 – AHP'!J19 -> 0.1126459 | F6: ='TAHAP 2 – AHP'!J20 -> 0.050867821 | G6: ='TAHAP 2 – AHP'!J21 -> 0.1126459 | H6: ='TAHAP 2 – AHP'!J22 -> 0.050867821 | I6: ='TAHAP 2 – AHP'!J23 -> 0.025640427
B7: B. DATA KINERJA & PERHITUNGAN WP SCORE
B8: No | C8: Nama Perawat | D8: C1 | E8: C2 | F8: C3 | G8: C4 | H8: C5 | I8: C6 | J8: C7 | K8: WP Score (Si) | L8: Rank WP | M8: Klaster
B9: 1 | C9: ='TAHAP 1 – K-MEANS'!C6 -> Andi Setiawan | D9: ='TAHAP 1 – K-MEANS'!D6 -> 8 | E9: ='TAHAP 1 – K-MEANS'!E6 -> 7 | F9: ='TAHAP 1 – K-MEANS'!F6 -> 9 | G9: ='TAHAP 1 – K-MEANS'!G6 -> 8 | H9: ='TAHAP 1 – K-MEANS'!H6 -> 9 | I9: ='TAHAP 1 – K-MEANS'!I6 -> 7 | J9: ='TAHAP 1 – K-MEANS'!J6 -> 8 | K9: =(D9^C6)*(E9^D6)*(F9^E6)*(G9^F6)*(H9^G6)*(I9^H6)*(J9^I6) -> 7.9135552 | L9: =RANK(K9,K9:K18,0) -> 4 | M9: ='TAHAP 1 – K-MEANS'!M6 -> K1
B10: 2 | C10: ='TAHAP 1 – K-MEANS'!C7 -> Budi Santoso | D10: ='TAHAP 1 – K-MEANS'!D7 -> 5 | E10: ='TAHAP 1 – K-MEANS'!E7 -> 6 | F10: ='TAHAP 1 – K-MEANS'!F7 -> 5 | G10: ='TAHAP 1 – K-MEANS'!G7 -> 6 | H10: ='TAHAP 1 – K-MEANS'!H7 -> 5 | I10: ='TAHAP 1 – K-MEANS'!I7 -> 6 | J10: ='TAHAP 1 – K-MEANS'!J7 -> 5 | K10: =(D10^C6)*(E10^D6)*(F10^E6)*(G10^F6)*(H10^G6)*(I10^H6)*(J10^I6) -> 5.310986 | L10: =RANK(K10,K9:K18,0) -> 8 | M10: ='TAHAP 1 – K-MEANS'!M7 -> K3
B11: 3 | C11: ='TAHAP 1 – K-MEANS'!C8 -> Citra Dewi | D11: ='TAHAP 1 – K-MEANS'!D8 -> 9 | E11: ='TAHAP 1 – K-MEANS'!E8 -> 9 | F11: ='TAHAP 1 – K-MEANS'!F8 -> 8 | G11: ='TAHAP 1 – K-MEANS'!G8 -> 9 | H11: ='TAHAP 1 – K-MEANS'!H8 -> 9 | I11: ='TAHAP 1 – K-MEANS'!I8 -> 8 | J11: ='TAHAP 1 – K-MEANS'!J8 -> 9 | K11: =(D11^C6)*(E11^D6)*(F11^E6)*(G11^F6)*(H11^G6)*(I11^H6)*(J11^I6) -> 8.8283262 | L11: =RANK(K11,K9:K18,0) -> 1 | M11: ='TAHAP 1 – K-MEANS'!M8 -> K1
B12: 4 | C12: ='TAHAP 1 – K-MEANS'!C9 -> Dian Pratiwi | D12: ='TAHAP 1 – K-MEANS'!D9 -> 6 | E12: ='TAHAP 1 – K-MEANS'!E9 -> 5 | F12: ='TAHAP 1 – K-MEANS'!F9 -> 6 | G12: ='TAHAP 1 – K-MEANS'!G9 -> 5 | H12: ='TAHAP 1 – K-MEANS'!H9 -> 6 | I12: ='TAHAP 1 – K-MEANS'!I9 -> 5 | J12: ='TAHAP 1 – K-MEANS'!J9 -> 6 | K12: =(D12^C6)*(E12^D6)*(F12^E6)*(G12^F6)*(H12^G6)*(I12^H6)*(J12^I6) -> 5.6486687 | L12: =RANK(K12,K9:K18,0) -> 7 | M12: ='TAHAP 1 – K-MEANS'!M9 -> K3
B13: 5 | C13: ='TAHAP 1 – K-MEANS'!C10 -> Eko Wahyudi | D13: ='TAHAP 1 – K-MEANS'!D10 -> 7 | E13: ='TAHAP 1 – K-MEANS'!E10 -> 8 | F13: ='TAHAP 1 – K-MEANS'!F10 -> 7 | G13: ='TAHAP 1 – K-MEANS'!G10 -> 8 | H13: ='TAHAP 1 – K-MEANS'!H10 -> 7 | I13: ='TAHAP 1 – K-MEANS'!I10 -> 8 | J13: ='TAHAP 1 – K-MEANS'!J10 -> 7 | K13: =(D13^C6)*(E13^D6)*(F13^E6)*(G13^F6)*(H13^G6)*(I13^H6)*(J13^I6) -> 7.3162841 | L13: =RANK(K13,K9:K18,0) -> 5 | M13: ='TAHAP 1 – K-MEANS'!M10 -> K2
B14: 6 | C14: ='TAHAP 1 – K-MEANS'!C11 -> Fitri Handayani | D14: ='TAHAP 1 – K-MEANS'!D11 -> 4 | E14: ='TAHAP 1 – K-MEANS'!E11 -> 5 | F14: ='TAHAP 1 – K-MEANS'!F11 -> 4 | G14: ='TAHAP 1 – K-MEANS'!G11 -> 5 | H14: ='TAHAP 1 – K-MEANS'!H11 -> 4 | I14: ='TAHAP 1 – K-MEANS'!I11 -> 5 | J14: ='TAHAP 1 – K-MEANS'!J11 -> 4 | K14: =(D14^C6)*(E14^D6)*(F14^E6)*(G14^F6)*(H14^G6)*(I14^H6)*(J14^I6) -> 4.3065798 | L14: =RANK(K14,K9:K18,0) -> 10 | M14: ='TAHAP 1 – K-MEANS'!M11 -> K3
B15: 7 | C15: ='TAHAP 1 – K-MEANS'!C12 -> Galih Nugroho | D15: ='TAHAP 1 – K-MEANS'!D12 -> 9 | E15: ='TAHAP 1 – K-MEANS'!E12 -> 8 | F15: ='TAHAP 1 – K-MEANS'!F12 -> 9 | G15: ='TAHAP 1 – K-MEANS'!G12 -> 9 | H15: ='TAHAP 1 – K-MEANS'!H12 -> 8 | I15: ='TAHAP 1 – K-MEANS'!I12 -> 9 | J15: ='TAHAP 1 – K-MEANS'!J12 -> 8 | K15: =(D15^C6)*(E15^D6)*(F15^E6)*(G15^F6)*(H15^G6)*(I15^H6)*(J15^I6) -> 8.6187414 | L15: =RANK(K15,K9:K18,0) -> 2 | M15: ='TAHAP 1 – K-MEANS'!M12 -> K1
B16: 8 | C16: ='TAHAP 1 – K-MEANS'!C13 -> Hana Putri | D16: ='TAHAP 1 – K-MEANS'!D13 -> 6 | E16: ='TAHAP 1 – K-MEANS'!E13 -> 6 | F16: ='TAHAP 1 – K-MEANS'!F13 -> 7 | G16: ='TAHAP 1 – K-MEANS'!G13 -> 6 | H16: ='TAHAP 1 – K-MEANS'!H13 -> 7 | I16: ='TAHAP 1 – K-MEANS'!I13 -> 6 | J16: ='TAHAP 1 – K-MEANS'!J13 -> 7 | K16: =(D16^C6)*(E16^D6)*(F16^E6)*(G16^F6)*(H16^G6)*(I16^H6)*(J16^I6) -> 6.2366354 | L16: =RANK(K16,K9:K18,0) -> 6 | M16: ='TAHAP 1 – K-MEANS'!M13 -> K2
B17: 9 | C17: ='TAHAP 1 – K-MEANS'!C14 -> Indra Kusuma | D17: ='TAHAP 1 – K-MEANS'!D14 -> 8 | E17: ='TAHAP 1 – K-MEANS'!E14 -> 9 | F17: ='TAHAP 1 – K-MEANS'!F14 -> 8 | G17: ='TAHAP 1 – K-MEANS'!G14 -> 8 | H17: ='TAHAP 1 – K-MEANS'!H14 -> 9 | I17: ='TAHAP 1 – K-MEANS'!I14 -> 9 | J17: ='TAHAP 1 – K-MEANS'!J14 -> 8 | K17: =(D17^C6)*(E17^D6)*(F17^E6)*(G17^F6)*(H17^G6)*(I17^H6)*(J17^I6) -> 8.3787473 | L17: =RANK(K17,K9:K18,0) -> 3 | M17: ='TAHAP 1 – K-MEANS'!M14 -> K1
B18: 10 | C18: ='TAHAP 1 – K-MEANS'!C15 -> Joko Purnomo | D18: ='TAHAP 1 – K-MEANS'!D15 -> 5 | E18: ='TAHAP 1 – K-MEANS'!E15 -> 4 | F18: ='TAHAP 1 – K-MEANS'!F15 -> 5 | G18: ='TAHAP 1 – K-MEANS'!G15 -> 4 | H18: ='TAHAP 1 – K-MEANS'!H15 -> 5 | I18: ='TAHAP 1 – K-MEANS'!I15 -> 4 | J18: ='TAHAP 1 – K-MEANS'!J15 -> 5 | K18: =(D18^C6)*(E18^D6)*(F18^E6)*(G18^F6)*(H18^G6)*(I18^H6)*(J18^I6) -> 4.6440565 | L18: =RANK(K18,K9:K18,0) -> 9 | M18: ='TAHAP 1 – K-MEANS'!M15 -> K3
B20: Catatan: Si dihitung via formula POWER non-linear. Rank via fungsi RANK(). Bobot = referensi AHP.

Sheet TAHAP 4 – TOPSIS
B1: TAHAP 4: VALIDASI PEMERINGKATAN — TOPSIS
B2: Semua langkah (normalisasi, pembobotan, D+, D−, Ci, Rank) = Formula Excel
B4: LANGKAH 1: NORMALISASI MATRIKS KEPUTUSAN rij = xij / √(Σ xij²)
B5: No | C5: Nama Perawat | D5: r_C1 | E5: r_C2 | F5: r_C3 | G5: r_C4 | H5: r_C5 | I5: r_C6 | J5: r_C7 | K5: D+ (Pos) | L5: D- (Neg) | M5: Ci (Kedekatan) | N5: Rank | O5: Klaster
B6: 1 | C6: ='TAHAP 3 – WP'!C9 -> Andi Setiawan | D6: ='TAHAP 3 – WP'!D9/D16 -> 0.36629484 | E6: ='TAHAP 3 – WP'!E9/E16 -> 0.32050798 | F6: ='TAHAP 3 – WP'!F9/F16 -> 0.40657856 | G6: ='TAHAP 3 – WP'!G9/G16 -> 0.36066785 | H6: ='TAHAP 3 – WP'!H9/H16 -> 0.39970403 | I6: ='TAHAP 3 – WP'!I9/I16 -> 0.32050798 | J6: ='TAHAP 3 – WP'!J9/J16 -> 0.36784039 | K6: =SQRT((D20-D30)^2+(E20-E30)^2+(F20-F30)^2+(G20-G30)^2+(H20-H30)^2+(I20-I30)^2+(J20-J30)^2) -> 0.028903896 | L6: =SQRT((D20-D31)^2+(E20-E31)^2+(F20-F31)^2+(G20-G31)^2+(H20-H31)^2+(I20-I31)^2+(J20-J31)^2) -> 0.091014558 | M6: =L6/(K6+L6) -> 0.75897041 | N6: =RANK(M6,M6:M15,0) -> 4 | O6: ='TAHAP 3 – WP'!M9 -> K1
B7: 2 | C7: ='TAHAP 3 – WP'!C10 -> Budi Santoso | D7: ='TAHAP 3 – WP'!D10/D16 -> 0.22893427 | E7: ='TAHAP 3 – WP'!E10/E16 -> 0.27472113 | F7: ='TAHAP 3 – WP'!F10/F16 -> 0.22587698 | G7: ='TAHAP 3 – WP'!G10/G16 -> 0.27050089 | H7: ='TAHAP 3 – WP'!H10/H16 -> 0.2220578 | I7: ='TAHAP 3 – WP'!I10/I16 -> 0.27472113 | J7: ='TAHAP 3 – WP'!J10/J16 -> 0.22990024 | K7: =SQRT((D21-D30)^2+(E21-E30)^2+(F21-F30)^2+(G21-G30)^2+(H21-H30)^2+(I21-I30)^2+(J21-J30)^2) -> 0.088252592 | L7: =SQRT((D21-D31)^2+(E21-E31)^2+(F21-F31)^2+(G21-G31)^2+(H21-H31)^2+(I21-I31)^2+(J21-J31)^2) -> 0.030035592 | M7: =L7/(K7+L7) -> 0.25391879 | N7: =RANK(M7,M6:M15,0) -> 8 | O7: ='TAHAP 3 – WP'!M10 -> K3
B8: 3 | C8: ='TAHAP 3 – WP'!C11 -> Citra Dewi | D8: ='TAHAP 3 – WP'!D11/D16 -> 0.41208169 | E8: ='TAHAP 3 – WP'!E11/E16 -> 0.41208169 | F8: ='TAHAP 3 – WP'!F11/F16 -> 0.36140316 | G8: ='TAHAP 3 – WP'!G11/G16 -> 0.40575134 | H8: ='TAHAP 3 – WP'!H11/H16 -> 0.39970403 | I8: ='TAHAP 3 – WP'!I11/I16 -> 0.36629484 | J8: ='TAHAP 3 – WP'!J11/J16 -> 0.41382044 | K8: =SQRT((D22-D30)^2+(E22-E30)^2+(F22-F30)^2+(G22-G30)^2+(H22-H30)^2+(I22-I30)^2+(J22-J30)^2) -> 0.0055964919 | L8: =SQRT((D22-D31)^2+(E22-E31)^2+(F22-F31)^2+(G22-G31)^2+(H22-H31)^2+(I22-I31)^2+(J22-J31)^2) -> 0.11493153 | M8: =L8/(K8+L8) -> 0.95356688 | N8: =RANK(M8,M6:M15,0) -> 1 | O8: ='TAHAP 3 – WP'!M11 -> K1
B9: 4 | C9: ='TAHAP 3 – WP'!C12 -> Dian Pratiwi | D9: ='TAHAP 3 – WP'!D12/D16 -> 0.27472113 | E9: ='TAHAP 3 – WP'!E12/E16 -> 0.22893427 | F9: ='TAHAP 3 – WP'!F12/F16 -> 0.27105237 | G9: ='TAHAP 3 – WP'!G12/G16 -> 0.22541741 | H9: ='TAHAP 3 – WP'!H12/H16 -> 0.26646936 | I9: ='TAHAP 3 – WP'!I12/I16 -> 0.22893427 | J9: ='TAHAP 3 – WP'!J12/J16 -> 0.27588029 | K9: =SQRT((D23-D30)^2+(E23-E30)^2+(F23-F30)^2+(G23-G30)^2+(H23-H30)^2+(I23-I30)^2+(J23-J30)^2) -> 0.075515722 | L9: =SQRT((D23-D31)^2+(E23-E31)^2+(F23-F31)^2+(G23-G31)^2+(H23-H31)^2+(I23-I31)^2+(J23-J31)^2) -> 0.042380326 | M9: =L9/(K9+L9) -> 0.35947198 | N9: =RANK(M9,M6:M15,0) -> 7 | O9: ='TAHAP 3 – WP'!M12 -> K3
B10: 5 | C10: ='TAHAP 3 – WP'!C13 -> Eko Wahyudi | D10: ='TAHAP 3 – WP'!D13/D16 -> 0.32050798 | E10: ='TAHAP 3 – WP'!E13/E16 -> 0.36629484 | F10: ='TAHAP 3 – WP'!F13/F16 -> 0.31622777 | G10: ='TAHAP 3 – WP'!G13/G16 -> 0.36066785 | H10: ='TAHAP 3 – WP'!H13/H16 -> 0.31088091 | I10: ='TAHAP 3 – WP'!I13/I16 -> 0.36629484 | J10: ='TAHAP 3 – WP'!J13/J16 -> 0.32186034 | K10: =SQRT((D24-D30)^2+(E24-E30)^2+(F24-F30)^2+(G24-G30)^2+(H24-H30)^2+(I24-I30)^2+(J24-J30)^2) -> 0.042380326 | L10: =SQRT((D24-D31)^2+(E24-E31)^2+(F24-F31)^2+(G24-G31)^2+(H24-H31)^2+(I24-I31)^2+(J24-J31)^2) -> 0.075515722 | M10: =L10/(K10+L10) -> 0.64052802 | N10: =RANK(M10,M6:M15,0) -> 5 | O10: ='TAHAP 3 – WP'!M13 -> K2
B11: 6 | C11: ='TAHAP 3 – WP'!C14 -> Fitri Handayani | D11: ='TAHAP 3 – WP'!D14/D16 -> 0.18314742 | E11: ='TAHAP 3 – WP'!E14/E16 -> 0.22893427 | F11: ='TAHAP 3 – WP'!F14/F16 -> 0.18070158 | G11: ='TAHAP 3 – WP'!G14/G16 -> 0.22541741 | H11: ='TAHAP 3 – WP'!H14/H16 -> 0.17764624 | I11: ='TAHAP 3 – WP'!I14/I16 -> 0.22893427 | J11: ='TAHAP 3 – WP'!J14/J16 -> 0.1839202 | K11: =SQRT((D25-D30)^2+(E25-E30)^2+(F25-F30)^2+(G25-G30)^2+(H25-H30)^2+(I25-I30)^2+(J25-J30)^2) -> 0.11137177 | L11: =SQRT((D25-D31)^2+(E25-E31)^2+(F25-F31)^2+(G25-G31)^2+(H25-H31)^2+(I25-I31)^2+(J25-J31)^2) -> 0.010992286 | M11: =L11/(K11+L11) -> 0.089832635 | N11: =RANK(M11,M6:M15,0) -> 10 | O11: ='TAHAP 3 – WP'!M14 -> K3
B12: 7 | C12: ='TAHAP 3 – WP'!C15 -> Galih Nugroho | D12: ='TAHAP 3 – WP'!D15/D16 -> 0.41208169 | E12: ='TAHAP 3 – WP'!E15/E16 -> 0.36629484 | F12: ='TAHAP 3 – WP'!F15/F16 -> 0.40657856 | G12: ='TAHAP 3 – WP'!G15/G16 -> 0.40575134 | H12: ='TAHAP 3 – WP'!H15/H16 -> 0.35529247 | I12: ='TAHAP 3 – WP'!I15/I16 -> 0.41208169 | J12: ='TAHAP 3 – WP'!J15/J16 -> 0.36784039 | K12: =SQRT((D26-D30)^2+(E26-E30)^2+(F26-F30)^2+(G26-G30)^2+(H26-H30)^2+(I26-I30)^2+(J26-J30)^2) -> 0.011686071 | L12: =SQRT((D26-D31)^2+(E26-E31)^2+(F26-F31)^2+(G26-G31)^2+(H26-H31)^2+(I26-I31)^2+(J26-J31)^2) -> 0.11073421 | M12: =L12/(K12+L12) -> 0.90454139 | N12: =RANK(M12,M6:M15,0) -> 2 | O12: ='TAHAP 3 – WP'!M15 -> K1
B13: 8 | C13: ='TAHAP 3 – WP'!C16 -> Hana Putri | D13: ='TAHAP 3 – WP'!D16/D16 -> 0.27472113 | E13: ='TAHAP 3 – WP'!E16/E16 -> 0.27472113 | F13: ='TAHAP 3 – WP'!F16/F16 -> 0.31622777 | G13: ='TAHAP 3 – WP'!G16/G16 -> 0.27050089 | H13: ='TAHAP 3 – WP'!H16/H16 -> 0.31088091 | I13: ='TAHAP 3 – WP'!I16/I16 -> 0.27472113 | J13: ='TAHAP 3 – WP'!J16/J16 -> 0.32186034 | K13: =SQRT((D27-D30)^2+(E27-E30)^2+(F27-F30)^2+(G27-G30)^2+(H27-H30)^2+(I27-I30)^2+(J27-J30)^2) -> 0.067788219 | L13: =SQRT((D27-D31)^2+(E27-E31)^2+(F27-F31)^2+(G27-G31)^2+(H27-H31)^2+(I27-I31)^2+(J27-J31)^2) -> 0.049195043 | M13: =L13/(K13+L13) -> 0.42053061 | N13: =RANK(M13,M6:M15,0) -> 6 | O13: ='TAHAP 3 – WP'!M16 -> K2
B14: 9 | C14: ='TAHAP 3 – WP'!C17 -> Indra Kusuma | D14: ='TAHAP 3 – WP'!D17/D16 -> 0.36629484 | E14: ='TAHAP 3 – WP'!E17/E16 -> 0.41208169 | F14: ='TAHAP 3 – WP'!F17/F16 -> 0.36140316 | G14: ='TAHAP 3 – WP'!G17/G16 -> 0.36066785 | H14: ='TAHAP 3 – WP'!H17/H16 -> 0.39970403 | I14: ='TAHAP 3 – WP'!I17/I16 -> 0.41208169 | J14: ='TAHAP 3 – WP'!J17/J16 -> 0.36784039 | K14: =SQRT((D28-D30)^2+(E28-E30)^2+(F28-F30)^2+(G28-G30)^2+(H28-H30)^2+(I28-I30)^2+(J28-J30)^2) -> 0.019976157 | L14: =SQRT((D28-D31)^2+(E28-E31)^2+(F28-F31)^2+(G28-G31)^2+(H28-H31)^2+(I28-I31)^2+(J28-J31)^2) -> 0.09949735 | M14: =L14/(K14+L14) -> 0.83279844 | N14: =RANK(M14,M6:M15,0) -> 3 | O14: ='TAHAP 3 – WP'!M17 -> K1
B15: 10 | C15: ='TAHAP 3 – WP'!C18 -> Joko Purnomo | D15: ='TAHAP 3 – WP'!D18/D16 -> 0.22893427 | E15: ='TAHAP 3 – WP'!E18/E16 -> 0.18314742 | F15: ='TAHAP 3 – WP'!F18/F16 -> 0.22587698 | G15: ='TAHAP 3 – WP'!G18/G16 -> 0.18033393 | H15: ='TAHAP 3 – WP'!H18/H16 -> 0.2220578 | I15: ='TAHAP 3 – WP'!I18/I16 -> 0.18314742 | J15: ='TAHAP 3 – WP'!J18/J16 -> 0.22990024 | K15: =SQRT((D29-D30)^2+(E29-E30)^2+(F29-F30)^2+(G29-G30)^2+(H29-H30)^2+(I29-I30)^2+(J29-J30)^2) -> 0.098599216 | L15: =SQRT((D29-D31)^2+(E29-E31)^2+(F29-F31)^2+(G29-G31)^2+(H29-H31)^2+(I29-I31)^2+(J29-J31)^2) -> 0.020464981 | M15: =L15/(K15+L15) -> 0.1718819 | N15: =RANK(M15,M6:M15,0) -> 9 | O15: ='TAHAP 3 – WP'!M18 -> K3
C16: √(Σxij²) Pembagi | D16: =SQRT(SUMPRODUCT('TAHAP 3 – WP'!D9:D18,'TAHAP 3 – WP'!D9:D18)) -> 21.84033 | E16: =SQRT(SUMPRODUCT('TAHAP 3 – WP'!E9:E18,'TAHAP 3 – WP'!E9:E18)) -> 21.84033 | F16: =SQRT(SUMPRODUCT('TAHAP 3 – WP'!F9:F18,'TAHAP 3 – WP'!F9:F18)) -> 22.135944 | G16: =SQRT(SUMPRODUCT('TAHAP 3 – WP'!G9:G18,'TAHAP 3 – WP'!G9:G18)) -> 22.181073 | H16: =SQRT(SUMPRODUCT('TAHAP 3 – WP'!H9:H18,'TAHAP 3 – WP'!H9:H18)) -> 22.51666 | I16: =SQRT(SUMPRODUCT('TAHAP 3 – WP'!I9:I18,'TAHAP 3 – WP'!I9:I18)) -> 21.84033 | J16: =SQRT(SUMPRODUCT('TAHAP 3 – WP'!J9:J18,'TAHAP 3 – WP'!J9:J18)) -> 21.748563
B18: LANGKAH 2: MATRIKS NORMALISASI TERBOBOT vij = rij × Wj
B19: No | C19: Nama Perawat | D19: v_C1 | E19: v_C2 | F19: v_C3 | G19: v_C4 | H19: v_C5 | I19: v_C6 | J19: v_C7
B20: 1 | C20: =C6 -> Andi Setiawan | D20: =D6*'TAHAP 3 – WP'!C6 -> 0.15315385 | E20: =E6*'TAHAP 3 – WP'!D6 -> 0.073465499 | F20: =F6*'TAHAP 3 – WP'!E6 -> 0.045799407 | G20: =G6*'TAHAP 3 – WP'!F6 -> 0.018346388 | H20: =H6*'TAHAP 3 – WP'!G6 -> 0.04502502 | I20: =I6*'TAHAP 3 – WP'!H6 -> 0.016303543 | J20: =J6*'TAHAP 3 – WP'!I6 -> 0.0094315847
B21: 2 | C21: =C7 -> Budi Santoso | D21: =D7*'TAHAP 3 – WP'!C6 -> 0.095721155 | E21: =E7*'TAHAP 3 – WP'!D6 -> 0.062970428 | F21: =F7*'TAHAP 3 – WP'!E6 -> 0.025444115 | G21: =G7*'TAHAP 3 – WP'!F6 -> 0.013759791 | H21: =H7*'TAHAP 3 – WP'!G6 -> 0.0250139 | I21: =I7*'TAHAP 3 – WP'!H6 -> 0.013974465 | J21: =J7*'TAHAP 3 – WP'!I6 -> 0.0058947404
B22: 3 | C22: =C8 -> Citra Dewi | D22: =D8*'TAHAP 3 – WP'!C6 -> 0.17229808 | E22: =E8*'TAHAP 3 – WP'!D6 -> 0.094455641 | F22: =F8*'TAHAP 3 – WP'!E6 -> 0.040710584 | G22: =G8*'TAHAP 3 – WP'!F6 -> 0.020639686 | H22: =H8*'TAHAP 3 – WP'!G6 -> 0.04502502 | I22: =I8*'TAHAP 3 – WP'!H6 -> 0.01863262 | J22: =J8*'TAHAP 3 – WP'!I6 -> 0.010610533
B23: 4 | C23: =C9 -> Dian Pratiwi | D23: =D9*'TAHAP 3 – WP'!C6 -> 0.11486539 | E23: =E9*'TAHAP 3 – WP'!D6 -> 0.052475356 | F23: =F9*'TAHAP 3 – WP'!E6 -> 0.030532938 | G23: =G9*'TAHAP 3 – WP'!F6 -> 0.011466492 | H23: =H9*'TAHAP 3 – WP'!G6 -> 0.03001668 | I23: =I9*'TAHAP 3 – WP'!H6 -> 0.011645388 | J23: =J9*'TAHAP 3 – WP'!I6 -> 0.0070736885
B24: 5 | C24: =C10 -> Eko Wahyudi | D24: =D10*'TAHAP 3 – WP'!C6 -> 0.13400962 | E24: =E10*'TAHAP 3 – WP'!D6 -> 0.08396057 | F24: =F10*'TAHAP 3 – WP'!E6 -> 0.035621761 | G24: =G10*'TAHAP 3 – WP'!F6 -> 0.018346388 | H24: =H10*'TAHAP 3 – WP'!G6 -> 0.03501946 | I24: =I10*'TAHAP 3 – WP'!H6 -> 0.01863262 | J24: =J10*'TAHAP 3 – WP'!I6 -> 0.0082526366
B25: 6 | C25: =C11 -> Fitri Handayani | D25: =D11*'TAHAP 3 – WP'!C6 -> 0.076576924 | E25: =E11*'TAHAP 3 – WP'!D6 -> 0.052475356 | F25: =F11*'TAHAP 3 – WP'!E6 -> 0.020355292 | G25: =G11*'TAHAP 3 – WP'!F6 -> 0.011466492 | H25: =H11*'TAHAP 3 – WP'!G6 -> 0.02001112 | I25: =I11*'TAHAP 3 – WP'!H6 -> 0.011645388 | J25: =J11*'TAHAP 3 – WP'!I6 -> 0.0047157924
B26: 7 | C26: =C12 -> Galih Nugroho | D26: =D12*'TAHAP 3 – WP'!C6 -> 0.17229808 | E26: =E12*'TAHAP 3 – WP'!D6 -> 0.08396057 | F26: =F12*'TAHAP 3 – WP'!E6 -> 0.045799407 | G26: =G12*'TAHAP 3 – WP'!F6 -> 0.020639686 | H26: =H12*'TAHAP 3 – WP'!G6 -> 0.04002224 | I26: =I12*'TAHAP 3 – WP'!H6 -> 0.020961698 | J26: =J12*'TAHAP 3 – WP'!I6 -> 0.0094315847
B27: 8 | C27: =C13 -> Hana Putri | D27: =D13*'TAHAP 3 – WP'!C6 -> 0.11486539 | E27: =E13*'TAHAP 3 – WP'!D6 -> 0.062970428 | F27: =F13*'TAHAP 3 – WP'!E6 -> 0.035621761 | G27: =G13*'TAHAP 3 – WP'!F6 -> 0.013759791 | H27: =H13*'TAHAP 3 – WP'!G6 -> 0.03501946 | I27: =I13*'TAHAP 3 – WP'!H6 -> 0.013974465 | J27: =J13*'TAHAP 3 – WP'!I6 -> 0.0082526366
B28: 9 | C28: =C14 -> Indra Kusuma | D28: =D14*'TAHAP 3 – WP'!C6 -> 0.15315385 | E28: =E14*'TAHAP 3 – WP'!D6 -> 0.094455641 | F28: =F14*'TAHAP 3 – WP'!E6 -> 0.040710584 | G28: =G14*'TAHAP 3 – WP'!F6 -> 0.018346388 | H28: =H14*'TAHAP 3 – WP'!G6 -> 0.04502502 | I28: =I14*'TAHAP 3 – WP'!H6 -> 0.020961698 | J28: =J14*'TAHAP 3 – WP'!I6 -> 0.0094315847
B29: 10 | C29: =C15 -> Joko Purnomo | D29: =D15*'TAHAP 3 – WP'!C6 -> 0.095721155 | E29: =E15*'TAHAP 3 – WP'!D6 -> 0.041980285 | F29: =F15*'TAHAP 3 – WP'!E6 -> 0.025444115 | G29: =G15*'TAHAP 3 – WP'!F6 -> 0.0091731939 | H29: =H15*'TAHAP 3 – WP'!G6 -> 0.0250139 | I29: =I15*'TAHAP 3 – WP'!H6 -> 0.0093163101 | J29: =J15*'TAHAP 3 – WP'!I6 -> 0.0058947404
B30: A+ (Ideal Positif) | D30: =MAX(D20:D29) -> 0.17229808 | E30: =MAX(E20:E29) -> 0.094455641 | F30: =MAX(F20:F29) -> 0.045799407 | G30: =MAX(G20:G29) -> 0.020639686 | H30: =MAX(H20:H29) -> 0.04502502 | I30: =MAX(I20:I29) -> 0.020961698 | J30: =MAX(J20:J29) -> 0.010610533
B31: A− (Ideal Negatif) | D31: =MIN(D20:D29) -> 0.076576924 | E31: =MIN(E20:E29) -> 0.041980285 | F31: =MIN(F20:F29) -> 0.020355292 | G31: =MIN(G20:G29) -> 0.0091731939 | H31: =MIN(H20:H29) -> 0.02001112 | I31: =MIN(I20:I29) -> 0.0093163101 | J31: =MIN(J20:J29) -> 0.0047157924
B33: VALIDASI KESESUAIAN PERINGKAT WP vs TOPSIS
B34: No | C34: Nama Perawat | D34: Rank WP | E34: Rank TOPSIS | F34: |ΔRank| | G34: Konsisten?
B35: 1 | C35: ='TAHAP 3 – WP'!C9 -> Andi Setiawan | D35: ='TAHAP 3 – WP'!L9 -> 4 | E35: =N6 -> 4 | F35: =ABS(D35-E35) -> 0 | G35: =IF(F35<=1,"✔ YA","✘ TIDAK") -> ✔ YA
B36: 2 | C36: ='TAHAP 3 – WP'!C10 -> Budi Santoso | D36: ='TAHAP 3 – WP'!L10 -> 8 | E36: =N7 -> 8 | F36: =ABS(D36-E36) -> 0 | G36: =IF(F36<=1,"✔ YA","✘ TIDAK") -> ✔ YA
B37: 3 | C37: ='TAHAP 3 – WP'!C11 -> Citra Dewi | D37: ='TAHAP 3 – WP'!L11 -> 1 | E37: =N8 -> 1 | F37: =ABS(D37-E37) -> 0 | G37: =IF(F37<=1,"✔ YA","✘ TIDAK") -> ✔ YA
B38: 4 | C38: ='TAHAP 3 – WP'!C12 -> Dian Pratiwi | D38: ='TAHAP 3 – WP'!L12 -> 7 | E38: =N9 -> 7 | F38: =ABS(D38-E38) -> 0 | G38: =IF(F38<=1,"✔ YA","✘ TIDAK") -> ✔ YA
B39: 5 | C39: ='TAHAP 3 – WP'!C13 -> Eko Wahyudi | D39: ='TAHAP 3 – WP'!L13 -> 5 | E39: =N10 -> 5 | F39: =ABS(D39-E39) -> 0 | G39: =IF(F39<=1,"✔ YA","✘ TIDAK") -> ✔ YA
B40: 6 | C40: ='TAHAP 3 – WP'!C14 -> Fitri Handayani | D40: ='TAHAP 3 – WP'!L14 -> 10 | E40: =N11 -> 10 | F40: =ABS(D40-E40) -> 0 | G40: =IF(F40<=1,"✔ YA","✘ TIDAK") -> ✔ YA
B41: 7 | C41: ='TAHAP 3 – WP'!C15 -> Galih Nugroho | D41: ='TAHAP 3 – WP'!L15 -> 2 | E41: =N12 -> 2 | F41: =ABS(D41-E41) -> 0 | G41: =IF(F41<=1,"✔ YA","✘ TIDAK") -> ✔ YA
B42: 8 | C42: ='TAHAP 3 – WP'!C16 -> Hana Putri | D42: ='TAHAP 3 – WP'!L16 -> 6 | E42: =N13 -> 6 | F42: =ABS(D42-E42) -> 0 | G42: =IF(F42<=1,"✔ YA","✘ TIDAK") -> ✔ YA
B43: 9 | C43: ='TAHAP 3 – WP'!C17 -> Indra Kusuma | D43: ='TAHAP 3 – WP'!L17 -> 3 | E43: =N14 -> 3 | F43: =ABS(D43-E43) -> 0 | G43: =IF(F43<=1,"✔ YA","✘ TIDAK") -> ✔ YA
B44: 10 | C44: ='TAHAP 3 – WP'!C18 -> Joko Purnomo | D44: ='TAHAP 3 – WP'!L18 -> 9 | E44: =N15 -> 9 | F44: =ABS(D44-E44) -> 0 | G44: =IF(F44<=1,"✔ YA","✘ TIDAK") -> ✔ YA
B46: Tingkat Kesesuaian WP–TOPSIS → (Formula) = COUNTIF(✔ YA)/10 × 100%
H47: =COUNTIF(G35:G44,"✔ YA")/10 -> 1

Sheet TAHAP 5 – MODEL
B1: TAHAP 5: MODEL KONSEPTUAL – REKAPITULASI EVALUASI KINERJA PERAWAT
B2: Seluruh data = referensi formula dari sheet sebelumnya | Integrasi K-Means+AHP+WP+TOPSIS
B4: REKAPITULASI FINAL: PEMERINGKATAN KINERJA PERAWAT
B5: No | C5: Nama Perawat | D5: WP Score | E5: Rank WP | F5: TOPSIS Ci | G5: Rank TOPSIS | H5: Klaster | I5: Rank Final (Avg) | J5: Rank Final | K5: Rekomendasi
B6: 1 | C6: ='TAHAP 3 – WP'!C9 -> Andi Setiawan | D6: ='TAHAP 3 – WP'!K9 -> 7.9135552 | E6: ='TAHAP 3 – WP'!L9 -> 4 | F6: ='TAHAP 4 – TOPSIS'!M6 -> 0.75897041 | G6: ='TAHAP 4 – TOPSIS'!N6 -> 4 | H6: ='TAHAP 3 – WP'!M9 -> K1 | I6: =(D6+F6)/2 -> 4.3362628 | J6: =RANK(I6,I6:I15,0) -> 4 | K6: =IF(H6="K1","Promosi / Pengembangan Lanjut",IF(H6="K2","Pertahankan & Tingkatkan","Perlu Pembinaan Intensif")) -> Promosi / Pengembangan Lanjut
B7: 2 | C7: ='TAHAP 3 – WP'!C10 -> Budi Santoso | D7: ='TAHAP 3 – WP'!K10 -> 5.310986 | E7: ='TAHAP 3 – WP'!L10 -> 8 | F7: ='TAHAP 4 – TOPSIS'!M7 -> 0.25391879 | G7: ='TAHAP 4 – TOPSIS'!N7 -> 8 | H7: ='TAHAP 3 – WP'!M10 -> K3 | I7: =(D7+F7)/2 -> 2.7824524 | J7: =RANK(I7,I6:I15,0) -> 8 | K7: =IF(H7="K1","Promosi / Pengembangan Lanjut",IF(H7="K2","Pertahankan & Tingkatkan","Perlu Pembinaan Intensif")) -> Perlu Pembinaan Intensif
B8: 3 | C8: ='TAHAP 3 – WP'!C11 -> Citra Dewi | D8: ='TAHAP 3 – WP'!K11 -> 8.8283262 | E8: ='TAHAP 3 – WP'!L11 -> 1 | F8: ='TAHAP 4 – TOPSIS'!M8 -> 0.95356688 | G8: ='TAHAP 4 – TOPSIS'!N8 -> 1 | H8: ='TAHAP 3 – WP'!M11 -> K1 | I8: =(D8+F8)/2 -> 4.8909465 | J8: =RANK(I8,I6:I15,0) -> 1 | K8: =IF(H8="K1","Promosi / Pengembangan Lanjut",IF(H8="K2","Pertahankan & Tingkatkan","Perlu Pembinaan Intensif")) -> Promosi / Pengembangan Lanjut
B9: 4 | C9: ='TAHAP 3 – WP'!C12 -> Dian Pratiwi | D9: ='TAHAP 3 – WP'!K12 -> 5.6486687 | E9: ='TAHAP 3 – WP'!L12 -> 7 | F9: ='TAHAP 4 – TOPSIS'!M9 -> 0.35947198 | G9: ='TAHAP 4 – TOPSIS'!N9 -> 7 | H9: ='TAHAP 3 – WP'!M12 -> K3 | I9: =(D9+F9)/2 -> 3.0040703 | J9: =RANK(I9,I6:I15,0) -> 7 | K9: =IF(H9="K1","Promosi / Pengembangan Lanjut",IF(H9="K2","Pertahankan & Tingkatkan","Perlu Pembinaan Intensif")) -> Perlu Pembinaan Intensif
B10: 5 | C10: ='TAHAP 3 – WP'!C13 -> Eko Wahyudi | D10: ='TAHAP 3 – WP'!K13 -> 7.3162841 | E10: ='TAHAP 3 – WP'!L13 -> 5 | F10: ='TAHAP 4 – TOPSIS'!M10 -> 0.64052802 | G10: ='TAHAP 4 – TOPSIS'!N10 -> 5 | H10: ='TAHAP 3 – WP'!M13 -> K2 | I10: =(D10+F10)/2 -> 3.978406 | J10: =RANK(I10,I6:I15,0) -> 5 | K10: =IF(H10="K1","Promosi / Pengembangan Lanjut",IF(H10="K2","Pertahankan & Tingkatkan","Perlu Pembinaan Intensif")) -> Pertahankan & Tingkatkan
B11: 6 | C11: ='TAHAP 3 – WP'!C14 -> Fitri Handayani | D11: ='TAHAP 3 – WP'!K14 -> 4.3065798 | E11: ='TAHAP 3 – WP'!L14 -> 10 | F11: ='TAHAP 4 – TOPSIS'!M11 -> 0.089832635 | G11: ='TAHAP 4 – TOPSIS'!N11 -> 10 | H11: ='TAHAP 3 – WP'!M14 -> K3 | I11: =(D11+F11)/2 -> 2.1982062 | J11: =RANK(I11,I6:I15,0) -> 10 | K11: =IF(H11="K1","Promosi / Pengembangan Lanjut",IF(H11="K2","Pertahankan & Tingkatkan","Perlu Pembinaan Intensif")) -> Perlu Pembinaan Intensif
B12: 7 | C12: ='TAHAP 3 – WP'!C15 -> Galih Nugroho | D12: ='TAHAP 3 – WP'!K15 -> 8.6187414 | E12: ='TAHAP 3 – WP'!L15 -> 2 | F12: ='TAHAP 4 – TOPSIS'!M12 -> 0.90454139 | G12: ='TAHAP 4 – TOPSIS'!N12 -> 2 | H12: ='TAHAP 3 – WP'!M15 -> K1 | I12: =(D12+F12)/2 -> 4.7616414 | J12: =RANK(I12,I6:I15,0) -> 2 | K12: =IF(H12="K1","Promosi / Pengembangan Lanjut",IF(H12="K2","Pertahankan & Tingkatkan","Perlu Pembinaan Intensif")) -> Promosi / Pengembangan Lanjut
B13: 8 | C13: ='TAHAP 3 – WP'!C16 -> Hana Putri | D13: ='TAHAP 3 – WP'!K16 -> 6.2366354 | E13: ='TAHAP 3 – WP'!L16 -> 6 | F13: ='TAHAP 4 – TOPSIS'!M13 -> 0.42053061 | G13: ='TAHAP 4 – TOPSIS'!N13 -> 6 | H13: ='TAHAP 3 – WP'!M16 -> K2 | I13: =(D13+F13)/2 -> 3.328583 | J13: =RANK(I13,I6:I15,0) -> 6 | K13: =IF(H13="K1","Promosi / Pengembangan Lanjut",IF(H13="K2","Pertahankan & Tingkatkan","Perlu Pembinaan Intensif")) -> Pertahankan & Tingkatkan
B14: 9 | C14: ='TAHAP 3 – WP'!C17 -> Indra Kusuma | D14: ='TAHAP 3 – WP'!K17 -> 8.3787473 | E14: ='TAHAP 3 – WP'!L17 -> 3 | F14: ='TAHAP 4 – TOPSIS'!M14 -> 0.83279844 | G14: ='TAHAP 4 – TOPSIS'!N14 -> 3 | H14: ='TAHAP 3 – WP'!M17 -> K1 | I14: =(D14+F14)/2 -> 4.6057729 | J14: =RANK(I14,I6:I15,0) -> 3 | K14: =IF(H14="K1","Promosi / Pengembangan Lanjut",IF(H14="K2","Pertahankan & Tingkatkan","Perlu Pembinaan Intensif")) -> Promosi / Pengembangan Lanjut
B15: 10 | C15: ='TAHAP 3 – WP'!C18 -> Joko Purnomo | D15: ='TAHAP 3 – WP'!K18 -> 4.6440565 | E15: ='TAHAP 3 – WP'!L18 -> 9 | F15: ='TAHAP 4 – TOPSIS'!M15 -> 0.1718819 | G15: ='TAHAP 4 – TOPSIS'!N15 -> 9 | H15: ='TAHAP 3 – WP'!M18 -> K3 | I15: =(D15+F15)/2 -> 2.4079692 | J15: =RANK(I15,I6:I15,0) -> 9 | K15: =IF(H15="K1","Promosi / Pengembangan Lanjut",IF(H15="K2","Pertahankan & Tingkatkan","Perlu Pembinaan Intensif")) -> Perlu Pembinaan Intensif
B17: RINGKASAN PER KLASTER (Formula COUNTIF & AVERAGEIF)
B18: Klaster | C18: Jumlah Perawat | D18: Rata-rata WP Score | E18: Rata-rata TOPSIS Ci | F18: Rekomendasi Manajerial
B19: "K1" – Kinerja TINGGI | C19: =COUNTIF(H6:H15,"K1") -> 4 | D19: =AVERAGEIF(H6:H15,"K1",D6:D15) -> 8.4348425 | E19: =AVERAGEIF(H6:H15,"K1",F6:F15) -> 0.86246928 | F19: Prioritas promosi, berikan peran mentor dan pengembangan karir
B20: "K2" – Kinerja SEDANG | C20: =COUNTIF(H6:H15,"K2") -> 2 | D20: =AVERAGEIF(H6:H15,"K2",D6:D15) -> 6.7764597 | E20: =AVERAGEIF(H6:H15,"K2",F6:F15) -> 0.53052932 | F20: Pelatihan targeted, monitoring berkala, reward berbasis capaian
B21: "K3" – Kinerja RENDAH | C21: =COUNTIF(H6:H15,"K3") -> 4 | D21: =AVERAGEIF(H6:H15,"K3",D6:D15) -> 4.9775727 | E21: =AVERAGEIF(H6:H15,"K3",F6:F15) -> 0.21877633 | F21: Program pembinaan intensif, mentoring, review ulang beban kerja
B23: KERANGKA MODEL KONSEPTUAL EVALUASI KINERJA PERAWAT
B24: INPUT | C24: Data kinerja perawat multidimensi (7 kriteria, 10 perawat)
B25: PROSES 1 | C25: K-Means Clustering → Segmentasi klaster kinerja (K1/K2/K3)
B26: PROSES 2 | C26: AHP → Bobot prioritas kriteria, CR < 0.1 (konsisten)
B27: PROSES 3 | C27: Weighted Product (WP) → Skor preferensi Si = ∏(Xij^Wj)
B28: PROSES 4 | C28: TOPSIS → Ci = D− / (D+ + D−), validasi silang ≥ 75%
B29: OUTPUT | C29: Pemeringkatan final + Label klaster kinerja
B30: KEPUTUSAN | C30: Rekomendasi manajerial: Promosi / Pertahankan / Pembinaan Intensif
